hanzi,hsk_pinyin,hsk_english
爱,一级,1
八,一级,1
爸爸,一级,1
杯子,一级,1
北京,一级,1
本,一级,1
不,一级,1
不客气,一级,1
菜,一级,1
茶,一级,1
吃,一级,1
出租车,一级,1
打电话,一级,1
大,一级,1
的,一级,1
点,一级,1
电脑,一级,1
电视,一级,1
电影,一级,1
东西,一级,1
都,一级,1
读,一级,1
对不起,一级,1
多,一级,1
多少,一级,1
儿子,一级,1
二,一级,1
饭店,一级,1
飞机,一级,1
分钟,一级,1
高兴,一级,1
个,一级,1
工作,一级,1
狗,一级,1
汉语,一级,1
好,一级,1
号,一级,1
喝,一级,1
和,一级,1
很,一级,1
后面,一级,1
回,一级,1
会,一级,1
几,一级,1
家,一级,1
叫,一级,1
今天,一级,1
九,一级,1
开,一级,1
看,一级,1
看见,一级,1
块,一级,1
来,一级,1
老师,一级,1
了,一级,1
冷,一级,1
里,一级,1
六,一级,1
妈妈,一级,1
吗,一级,1
买,一级,1
猫,一级,1
没关系,一级,1
没有,一级,1
米饭,一级,1
名字,一级,1
明天,一级,1
哪,一级,1
哪儿,一级,1
那,一级,1
呢,一级,1
能,一级,1
你,一级,1
年,一级,1
女儿,一级,1
朋友,一级,1
漂亮,一级,1
苹果,一级,1
七,一级,1
前面,一级,1
钱,一级,1
请,一级,1
去,一级,1
热,一级,1
人,一级,1
认识,一级,1
三,一级,1
商店,一级,1
上,一级,1
上午,一级,1
少,一级,1
谁,一级,1
什么,一级,1
十,一级,1
时候,一级,1
是,一级,1
书,一级,1
水,一级,1
水果,一级,1
睡觉,一级,1
说,一级,1
四,一级,1
岁,一级,1
他,一级,1
她,一级,1
太,一级,1
天气,一级,1
听,一级,1
同学,一级,1
喂,一级,1
我,一级,1
我们,一级,1
五,一级,1
喜欢,一级,1
下,一级,1
下午,一级,1
下雨,一级,1
先生,一级,1
现在,一级,1
想,一级,1
小,一级,1
小姐,一级,1
些,一级,1
写,一级,1
谢谢,一级,1
星期,一级,1
学生,一级,1
学习,一级,1
学校,一级,1
一,一级,1
一点儿,一级,1
衣服,一级,1
医生,一级,1
医院,一级,1
椅子,一级,1
有,一级,1
月,一级,1
再见,一级,1
在,一级,1
怎么,一级,1
怎么样,一级,1
这,一级,1
中国,一级,1
中午,一级,1
住,一级,1
桌子,一级,1
字,一级,1
昨天,一级,1
坐,一级,1
做,一级,1
吧,二级,2
白,二级,2
百,二级,2
帮助,二级,2
报纸,二级,2
比,二级,2
别,二级,2
宾馆,二级,2
长,二级,2
唱歌,二级,2
出,二级,2
穿,二级,2
次,二级,2
从,二级,2
错,二级,2
打篮球,二级,2
大家,二级,2
到,二级,2
得,二级,2
等,二级,2
弟弟,二级,2
第一,二级,2
懂,二级,2
对,二级,2
对,二级,2
房间,二级,2
非常,二级,2
服务员,二级,2
高,二级,2
告诉,二级,2
哥哥,二级,2
给,二级,2
公共汽车,二级,2
公司,二级,2
贵,二级,2
过,二级,2
还,二级,2
孩子,二级,2
好吃,二级,2
黑,二级,2
红,二级,2
火车站,二级,2
机场,二级,2
鸡蛋,二级,2
件,二级,2
教室,二级,2
姐姐,二级,2
介绍,二级,2
进,二级,2
近,二级,2
就,二级,2
觉得,二级,2
咖啡,二级,2
开始,二级,2
考试,二级,2
可能,二级,2
可以,二级,2
课,二级,2
快,二级,2
快乐,二级,2
累,二级,2
离,二级,2
两,二级,2
零,二级,2
路,二级,2
旅游,二级,2
卖,二级,2
慢,二级,2
忙,二级,2
每,二级,2
妹妹,二级,2
门,二级,2
面条,二级,2
男,二级,2
您,二级,2
牛奶,二级,2
女,二级,2
旁边,二级,2
跑步,二级,2
便宜,二级,2
票,二级,2
妻子,二级,2
起床,二级,2
千,二级,2
铅笔,二级,2
晴,二级,2
去年,二级,2
让,二级,2
日,二级,2
上班,二级,2
身体,二级,2
生病,二级,2
生日,二级,2
时间,二级,2
事情,二级,2
手表,二级,2
手机,二级,2
说话,二级,2
送,二级,2
虽然……但是……,二级,2
它,二级,2
踢足球,二级,2
题,二级,2
跳舞,二级,2
外,二级,2
完,二级,2
玩,二级,2
晚上,二级,2
往,二级,2
为什么,二级,2
问,二级,2
问题,二级,2
西瓜,二级,2
希望,二级,2
洗,二级,2
小时,二级,2
笑,二级,2
新,二级,2
姓,二级,2
休息,二级,2
雪,二级,2
颜色,二级,2
眼睛,二级,2
羊肉,二级,2
药,二级,2
要,二级,2
也,二级,2
一起,二级,2
一下,二级,2
已经,二级,2
意思,二级,2
因为……所以……,二级,2
阴,二级,2
游泳,二级,2
右边,二级,2
鱼,二级,2
远,二级,2
运动,二级,2
再,二级,2
早上,二级,2
丈夫,二级,2
找,二级,2
着,二级,2
真,二级,2
正在,二级,2
知道,二级,2
准备,二级,2
走,二级,2
最,二级,2
左边,二级,2
阿姨,三级,3
啊,三级,3
矮,三级,3
爱好,三级,3
安静,三级,3
把,三级,3
班,三级,3
搬,三级,3
办法,三级,3
办公室,三级,3
半,三级,3
帮忙,三级,3
包,三级,3
饱,三级,3
北方,三级,3
被,三级,3
鼻子,三级,3
比较,三级,3
比赛,三级,3
笔记本,三级,3
必须,三级,3
变化,三级,3
别人,三级,3
冰箱,三级,3
不但……而且……,三级,3
菜单,三级,3
参加,三级,3
草,三级,3
层,三级,3
差,三级,3
超市,三级,3
衬衫,三级,3
成绩,三级,3
城市,三级,3
迟到,三级,3
除了,三级,3
船,三级,3
春,三级,3
词典,三级,3
聪明,三级,3
打扫,三级,3
打算,三级,3
带,三级,3
担心,三级,3
蛋糕,三级,3
当然,三级,3
地,三级,3
灯,三级,3
地方,三级,3
地铁,三级,3
地图,三级,3
电梯,三级,3
电子邮件,三级,3
东,三级,3
冬,三级,3
动物,三级,3
短,三级,3
段,三级,3
锻炼,三级,3
多么,三级,3
饿,三级,3
耳朵,三级,3
发,三级,3
发烧,三级,3
发现,三级,3
方便,三级,3
放,三级,3
放心,三级,3
分,三级,3
附近,三级,3
复习,三级,3
干净,三级,3
感冒,三级,3
感兴趣,三级,3
刚才,三级,3
个子,三级,3
根据,三级,3
跟,三级,3
更,三级,3
公斤,三级,3
公园,三级,3
故事,三级,3
刮风,三级,3
关,三级,3
关系,三级,3
关心,三级,3
关于,三级,3
国家,三级,3
过,三级,3
过去,三级,3
还是,三级,3
害怕,三级,3
黑板,三级,3
后来,三级,3
护照,三级,3
花,三级,3
花,三级,3
画,三级,3
坏,三级,3
欢迎,三级,3
还,三级,3
环境,三级,3
换,三级,3
黄河,三级,3
回答,三级,3
会议,三级,3
或者,三级,3
几乎,三级,3
机会,三级,3
极,三级,3
记得,三级,3
季节,三级,3
检查,三级,3
简单,三级,3
见面,三级,3
健康,三级,3
讲,三级,3
教,三级,3
角,三级,3
脚,三级,3
接,三级,3
街道,三级,3
节目,三级,3
节日,三级,3
结婚,三级,3
结束,三级,3
解决,三级,3
借,三级,3
经常,三级,3
经过,三级,3
经理,三级,3
久,三级,3
旧,三级,3
句子,三级,3
决定,三级,3
可爱,三级,3
渴,三级,3
刻,三级,3
客人,三级,3
空调,三级,3
口,三级,3
哭,三级,3
裤子,三级,3
筷子,三级,3
蓝,三级,3
老,三级,3
离开,三级,3
礼物,三级,3
历史,三级,3
脸,三级,3
练习,三级,3
辆,三级,3
聊天,三级,3
了解,三级,3
邻居,三级,3
留学,三级,3
楼,三级,3
绿,三级,3
马,三级,3
马上,三级,3
满意,三级,3
帽子,三级,3
米,三级,3
面包,三级,3
明白,三级,3
拿,三级,3
奶奶,三级,3
南,三级,3
难,三级,3
难过,三级,3
年级,三级,3
年轻,三级,3
鸟,三级,3
努力,三级,3
爬山,三级,3
盘子,三级,3
胖,三级,3
皮鞋,三级,3
啤酒,三级,3
瓶子,三级,3
其实,三级,3
其他,三级,3
奇怪,三级,3
骑,三级,3
起飞,三级,3
起来,三级,3
清楚,三级,3
请假,三级,3
秋,三级,3
裙子,三级,3
然后,三级,3
热情,三级,3
认为,三级,3
认真,三级,3
容易,三级,3
如果,三级,3
伞,三级,3
上网,三级,3
生气,三级,3
声音,三级,3
世界,三级,3
试,三级,3
瘦,三级,3
叔叔,三级,3
舒服,三级,3
树,三级,3
数学,三级,3
刷牙,三级,3
双,三级,3
水平,三级,3
司机,三级,3
太阳,三级,3
特别,三级,3
疼,三级,3
提高,三级,3
体育,三级,3
甜,三级,3
条,三级,3
同事,三级,3
同意,三级,3
头发,三级,3
突然,三级,3
图书馆,三级,3
腿,三级,3
完成,三级,3
碗,三级,3
万,三级,3
忘记,三级,3
为,三级,3
为了,三级,3
位,三级,3
文化,三级,3
西,三级,3
习惯,三级,3
洗手间,三级,3
洗澡,三级,3
夏,三级,3
先,三级,3
相信,三级,3
香蕉,三级,3
向,三级,3
像,三级,3
小心,三级,3
校长,三级,3
新闻,三级,3
新鲜,三级,3
信用卡,三级,3
行李箱,三级,3
熊猫,三级,3
需要,三级,3
选择,三级,3
要求,三级,3
爷爷,三级,3
一般,三级,3
一边,三级,3
一定,三级,3
一共,三级,3
一会儿,三级,3
一样,三级,3
一直,三级,3
以前,三级,3
音乐,三级,3
银行,三级,3
饮料,三级,3
应该,三级,3
影响,三级,3
用,三级,3
游戏,三级,3
有名,三级,3
又,三级,3
遇到,三级,3
元,三级,3
愿意,三级,3
月亮,三级,3
越,三级,3
站,三级,3
张,三级,3
长,三级,3
着急,三级,3
照顾,三级,3
照片,三级,3
照相机,三级,3
只,三级,3
只,三级,3
只有……才……,三级,3
中间,三级,3
中文,三级,3
终于,三级,3
种,三级,3
重要,三级,3
周末,三级,3
主要,三级,3
注意,三级,3
自己,三级,3
自行车,三级,3
总是,三级,3
嘴,三级,3
最后,三级,3
最近,三级,3
作业,三级,3
爱情,四级,4
安排,四级,4
安全,四级,4
按时,四级,4
按照,四级,4
百分之,四级,4
棒,四级,4
包子,四级,4
保护,四级,4
保证,四级,4
报名,四级,4
抱,四级,4
抱歉,四级,4
倍,四级,4
本来,四级,4
笨,四级,4
比如,四级,4
毕业,四级,4
遍,四级,4
标准,四级,4
表格,四级,4
表示,四级,4
表演,四级,4
表扬,四级,4
饼干,四级,4
并且,四级,4
博士,四级,4
不得不,四级,4
不管,四级,4
不过,四级,4
不仅,四级,4
部分,四级,4
擦,四级,4
猜,四级,4
材料,四级,4
参观,四级,4
餐厅,四级,4
厕所,四级,4
差不多,四级,4
长城,四级,4
长江,四级,4
尝,四级,4
场,四级,4
超过,四级,4
成功,四级,4
成为,四级,4
诚实,四级,4
乘坐,四级,4
吃惊,四级,4
重新,四级,4
抽烟,四级,4
出差,四级,4
出发,四级,4
出生,四级,4
出现,四级,4
厨房,四级,4
传真,四级,4
窗户,四级,4
词语,四级,4
从来,四级,4
粗心,四级,4
存,四级,4
错误,四级,4
答案,四级,4
打扮,四级,4
打扰,四级,4
打印,四级,4
打招呼,四级,4
打折,四级,4
打针,四级,4
大概,四级,4
大使馆,四级,4
大约,四级,4
大夫,四级,4
戴,四级,4
当,四级,4
当时,四级,4
刀,四级,4
导游,四级,4
到处,四级,4
到底,四级,4
倒,四级,4
道歉,四级,4
得意,四级,4
得,四级,4
登机牌,四级,4
等,四级,4
低,四级,4
底,四级,4
地点,四级,4
地球,四级,4
地址,四级,4
调查,四级,4
掉,四级,4
丢,四级,4
动作,四级,4
堵车,四级,4
肚子,四级,4
短信,四级,4
对话,四级,4
对面,四级,4
对于,四级,4
儿童,四级,4
而,四级,4
发生,四级,4
发展,四级,4
法律,四级,4
翻译,四级,4
烦恼,四级,4
反对,四级,4
方法,四级,4
方面,四级,4
方向,四级,4
房东,四级,4
放弃,四级,4
放暑假,四级,4
放松,四级,4
份,四级,4
丰富,四级,4
否则,四级,4
符合,四级,4
父亲,四级,4
付款,四级,4
负责,四级,4
复印,四级,4
复杂,四级,4
富,四级,4
改变,四级,4
干杯,四级,4
赶,四级,4
敢,四级,4
感动,四级,4
感觉,四级,4
感情,四级,4
感谢,四级,4
干,四级,4
刚,四级,4
高速公路,四级,4
胳膊,四级,4
各,四级,4
工资,四级,4
公里,四级,4
功夫,四级,4
共同,四级,4
购物,四级,4
够,四级,4
估计,四级,4
鼓励,四级,4
故意,四级,4
顾客,四级,4
挂,四级,4
关键,四级,4
观众,四级,4
管理,四级,4
光,四级,4
广播,四级,4
广告,四级,4
逛,四级,4
规定,四级,4
国籍,四级,4
国际,四级,4
果汁,四级,4
过程,四级,4
海洋,四级,4
害羞,四级,4
寒假,四级,4
汗,四级,4
航班,四级,4
好处,四级,4
好像,四级,4
号码,四级,4
合格,四级,4
合适,四级,4
盒子,四级,4
后悔,四级,4
厚,四级,4
互联网,四级,4
互相,四级,4
护士,四级,4
怀疑,四级,4
回忆,四级,4
活动,四级,4
活泼,四级,4
火,四级,4
获得,四级,4
积极,四级,4
积累,四级,4
基础,四级,4
激动,四级,4
及时,四级,4
即使,四级,4
计划,四级,4
记者,四级,4
技术,四级,4
既然,四级,4
继续,四级,4
寄,四级,4
加班,四级,4
加油站,四级,4
家具,四级,4
假,四级,4
价格,四级,4
坚持,四级,4
减肥,四级,4
减少,四级,4
建议,四级,4
将来,四级,4
奖金,四级,4
降低,四级,4
降落,四级,4
交,四级,4
交流,四级,4
交通,四级,4
郊区,四级,4
骄傲,四级,4
饺子,四级,4
教授,四级,4
教育,四级,4
接受,四级,4
接着,四级,4
节,四级,4
节约,四级,4
结果,四级,4
解释,四级,4
尽管,四级,4
紧张,四级,4
进行,四级,4
禁止,四级,4
京剧,四级,4
经济,四级,4
经历,四级,4
经验,四级,4
精彩,四级,4
景色,四级,4
警察,四级,4
竞争,四级,4
竟然,四级,4
镜子,四级,4
究竟,四级,4
举,四级,4
举办,四级,4
举行,四级,4
拒绝,四级,4
距离,四级,4
聚会,四级,4
开玩笑,四级,4
开心,四级,4
看法,四级,4
考虑,四级,4
烤鸭,四级,4
科学,四级,4
棵,四级,4
咳嗽,四级,4
可怜,四级,4
可是,四级,4
可惜,四级,4
客厅,四级,4
肯定,四级,4
空,四级,4
空气,四级,4
恐怕,四级,4
苦,四级,4
矿泉水,四级,4
困,四级,4
困难,四级,4
垃圾桶,四级,4
拉,四级,4
辣,四级,4
来不及,四级,4
来得及,四级,4
来自,四级,4
懒,四级,4
浪费,四级,4
浪漫,四级,4
老虎,四级,4
冷静,四级,4
礼拜天,四级,4
礼貌,四级,4
理发,四级,4
理解,四级,4
理想,四级,4
力气,四级,4
厉害,四级,4
例如,四级,4
俩,四级,4
连,四级,4
联系,四级,4
凉快,四级,4
零钱,四级,4
另外,四级,4
留,四级,4
流利,四级,4
流行,四级,4
旅行,四级,4
律师,四级,4
乱,四级,4
麻烦,四级,4
马虎,四级,4
满,四级,4
毛,四级,4
毛巾,四级,4
美丽,四级,4
梦,四级,4
迷路,四级,4
密码,四级,4
免费,四级,4
秒,四级,4
民族,四级,4
母亲,四级,4
目的,四级,4
耐心,四级,4
难道,四级,4
难受,四级,4
内,四级,4
内容,四级,4
能力,四级,4
年龄,四级,4
弄,四级,4
暖和,四级,4
偶尔,四级,4
排队,四级,4
排列,四级,4
判断,四级,4
陪,四级,4
批评,四级,4
皮肤,四级,4
脾气,四级,4
篇,四级,4
骗,四级,4
乒乓球,四级,4
平时,四级,4
破,四级,4
葡萄,四级,4
普遍,四级,4
普通话,四级,4
其次,四级,4
其中,四级,4
气候,四级,4
千万,四级,4
签证,四级,4
敲,四级,4
桥,四级,4
巧克力,四级,4
亲戚,四级,4
轻,四级,4
轻松,四级,4
情况,四级,4
穷,四级,4
区别,四级,4
取,四级,4
全部,四级,4
缺点,四级,4
缺少,四级,4
却,四级,4
确实,四级,4
然而,四级,4
热闹,四级,4
任何,四级,4
任务,四级,4
扔,四级,4
仍然,四级,4
日记,四级,4
入口,四级,4
散步,四级,4
森林,四级,4
沙发,四级,4
伤心,四级,4
商量,四级,4
稍微,四级,4
勺子,四级,4
社会,四级,4
申请,四级,4
深,四级,4
甚至,四级,4
生活,四级,4
生命,四级,4
生意,四级,4
省,四级,4
剩,四级,4
失败,四级,4
失望,四级,4
师傅,四级,4
十分,四级,4
实际,四级,4
实在,四级,4
使,四级,4
使用,四级,4
世纪,四级,4
是否,四级,4
适合,四级,4
适应,四级,4
收,四级,4
收入,四级,4
收拾,四级,4
首都,四级,4
首先,四级,4
受不了,四级,4
受到,四级,4
售货员,四级,4
输,四级,4
熟悉,四级,4
数量,四级,4
数字,四级,4
帅,四级,4
顺便,四级,4
顺利,四级,4
顺序,四级,4
说明,四级,4
硕士,四级,4
死,四级,4
速度,四级,4
塑料袋,四级,4
酸,四级,4
随便,四级,4
随着,四级,4
孙子,四级,4
所有,四级,4
台,四级,4
抬,四级,4
态度,四级,4
谈,四级,4
弹钢琴,四级,4
汤,四级,4
糖,四级,4
躺,四级,4
趟,四级,4
讨论,四级,4
讨厌,四级,4
特点,四级,4
提,四级,4
提供,四级,4
提前,四级,4
提醒,四级,4
填空,四级,4
条件,四级,4
停,四级,4
挺,四级,4
通过,四级,4
通知,四级,4
同情,四级,4
同时,四级,4
推,四级,4
推迟,四级,4
脱,四级,4
袜子,四级,4
完全,四级,4
网球,四级,4
网站,四级,4
往往,四级,4
危险,四级,4
卫生间,四级,4
味道,四级,4
温度,四级,4
文章,四级,4
污染,四级,4
无,四级,4
无聊,四级,4
无论,四级,4
误会,四级,4
西红柿,四级,4
吸引,四级,4
咸,四级,4
现金,四级,4
羡慕,四级,4
相反,四级,4
相同,四级,4
香,四级,4
详细,四级,4
响,四级,4
橡皮,四级,4
消息,四级,4
小吃,四级,4
小伙子,四级,4
小说,四级,4
笑话,四级,4
效果,四级,4
心情,四级,4
辛苦,四级,4
信封,四级,4
信息,四级,4
信心,四级,4
兴奋,四级,4
行,四级,4
醒,四级,4
幸福,四级,4
性别,四级,4
性格,四级,4
修理,四级,4
许多,四级,4
学期,四级,4
压力,四级,4
呀,四级,4
牙膏,四级,4
亚洲,四级,4
严格,四级,4
严重,四级,4
研究,四级,4
盐,四级,4
眼镜,四级,4
演出,四级,4
演员,四级,4
阳光,四级,4
养成,四级,4
样子,四级,4
邀请,四级,4
要是,四级,4
钥匙,四级,4
也许,四级,4
叶子,四级,4
页,四级,4
一切,四级,4
以,四级,4
以为,四级,4
艺术,四级,4
意见,四级,4
因此,四级,4
引起,四级,4
印象,四级,4
赢,四级,4
应聘,四级,4
永远,四级,4
勇敢,四级,4
优点,四级,4
优秀,四级,4
幽默,四级,4
尤其,四级,4
由,四级,4
由于,四级,4
邮局,四级,4
友好,四级,4
友谊,四级,4
有趣,四级,4
于是,四级,4
愉快,四级,4
与,四级,4
羽毛球,四级,4
语法,四级,4
语言,四级,4
预习,四级,4
原来,四级,4
原谅,四级,4
原因,四级,4
约会,四级,4
阅读,四级,4
云,四级,4
允许,四级,4
杂志,四级,4
咱们,四级,4
暂时,四级,4
脏,四级,4
责任,四级,4
增加,四级,4
占线,四级,4
招聘,四级,4
照,四级,4
真正,四级,4
整理,四级,4
正常,四级,4
正好,四级,4
正确,四级,4
正式,四级,4
证明,四级,4
之,四级,4
支持,四级,4
知识,四级,4
直接,四级,4
值得,四级,4
职业,四级,4
植物,四级,4
只好,四级,4
只要,四级,4
指,四级,4
至少,四级,4
质量,四级,4
重,四级,4
重点,四级,4
重视,四级,4
周围,四级,4
主意,四级,4
祝贺,四级,4
著名,四级,4
专门,四级,4
专业,四级,4
转,四级,4
赚,四级,4
准确,四级,4
准时,四级,4
仔细,四级,4
自然,四级,4
自信,四级,4
总结,四级,4
租,四级,4
最好,四级,4
尊重,四级,4
左右,四级,4
作家,四级,4
作用,四级,4
作者,四级,4
座,四级,4
座位,四级,4
哎,五级,5
唉,五级,5
爱护,五级,5
爱惜,五级,5
爱心,五级,5
安慰,五级,5
安装,五级,5
岸,五级,5
暗,五级,5
熬夜,五级,5
把握,五级,5
摆,五级,5
办理,五级,5
傍晚,五级,5
包裹,五级,5
包含,五级,5
包括,五级,5
薄,五级,5
宝贝,五级,5
宝贵,五级,5
保持,五级,5
保存,五级,5
保留,五级,5
保险,五级,5
报到,五级,5
报道,五级,5
报告,五级,5
报社,五级,5
抱怨,五级,5
背,五级,5
悲观,五级,5
背景,五级,5
被子,五级,5
本科,五级,5
本领,五级,5
本质,五级,5
比例,五级,5
彼此,五级,5
必然,五级,5
必要,五级,5
毕竟,五级,5
避免,五级,5
编辑,五级,5
鞭炮,五级,5
便,五级,5
辩论,五级,5
标点,五级,5
标志,五级,5
表达,五级,5
表面,五级,5
表明,五级,5
表情,五级,5
表现,五级,5
冰激凌,五级,5
病毒,五级,5
玻璃,五级,5
播放,五级,5
脖子,五级,5
博物馆,五级,5
补充,五级,5
不安,五级,5
不得了,五级,5
不断,五级,5
不见得,五级,5
不耐烦,五级,5
不然,五级,5
不如,五级,5
不要紧,五级,5
不足,五级,5
布,五级,5
步骤,五级,5
部门,五级,5
财产,五级,5
采访,五级,5
采取,五级,5
彩虹,五级,5
踩,五级,5
参考,五级,5
参与,五级,5
惭愧,五级,5
操场,五级,5
操心,五级,5
册,五级,5
测验,五级,5
曾经,五级,5
叉子,五级,5
差距,五级,5
插,五级,5
拆,五级,5
产品,五级,5
产生,五级,5
长途,五级,5
常识,五级,5
抄,五级,5
超级,五级,5
朝,五级,5
潮湿,五级,5
吵,五级,5
吵架,五级,5
炒,五级,5
车库,五级,5
车厢,五级,5
彻底,五级,5
沉默,五级,5
趁,五级,5
称,五级,5
称呼,五级,5
称赞,五级,5
成分,五级,5
成果,五级,5
成就,五级,5
成立,五级,5
成人,五级,5
成熟,五级,5
成语,五级,5
成长,五级,5
诚恳,五级,5
承担,五级,5
承认,五级,5
承受,五级,5
程度,五级,5
程序,五级,5
吃亏,五级,5
池塘,五级,5
迟早,五级,5
持续,五级,5
尺子,五级,5
翅膀,五级,5
冲,五级,5
充电器,五级,5
充分,五级,5
充满,五级,5
重复,五级,5
宠物,五级,5
抽屉,五级,5
抽象,五级,5
丑,五级,5
臭,五级,5
出版,五级,5
出口,五级,5
出色,五级,5
出示,五级,5
出席,五级,5
初级,五级,5
除非,五级,5
除夕,五级,5
处理,五级,5
传播,五级,5
传染,五级,5
传说,五级,5
传统,五级,5
窗帘,五级,5
闯,五级,5
创造,五级,5
吹,五级,5
词汇,五级,5
辞职,五级,5
此外,五级,5
次要,五级,5
刺激,五级,5
匆忙,五级,5
从此,五级,5
从而,五级,5
从前,五级,5
从事,五级,5
粗糙,五级,5
促进,五级,5
促使,五级,5
醋,五级,5
催,五级,5
存在,五级,5
措施,五级,5
答应,五级,5
达到,五级,5
打工,五级,5
打交道,五级,5
打喷嚏,五级,5
打听,五级,5
大方,五级,5
大厦,五级,5
大象,五级,5
大型,五级,5
呆,五级,5
代表,五级,5
代替,五级,5
贷款,五级,5
待遇,五级,5
担任,五级,5
单纯,五级,5
单调,五级,5
单独,五级,5
单位,五级,5
单元,五级,5
耽误,五级,5
胆小鬼,五级,5
淡,五级,5
当地,五级,5
当心,五级,5
挡,五级,5
导演,五级,5
导致,五级,5
岛屿,五级,5
倒霉,五级,5
到达,五级,5
道德,五级,5
道理,五级,5
登记,五级,5
等待,五级,5
等于,五级,5
滴,五级,5
的确,五级,5
敌人,五级,5
地道,五级,5
地理,五级,5
地区,五级,5
地毯,五级,5
地位,五级,5
地震,五级,5
递,五级,5
点心,五级,5
电池,五级,5
电台,五级,5
钓,五级,5
顶,五级,5
动画片,五级,5
冻,五级,5
洞,五级,5
豆腐,五级,5
逗,五级,5
独立,五级,5
独特,五级,5
度过,五级,5
断,五级,5
堆,五级,5
对比,五级,5
对待,五级,5
对方,五级,5
对手,五级,5
对象,五级,5
兑换,五级,5
吨,五级,5
蹲,五级,5
顿,五级,5
多亏,五级,5
多余,五级,5
朵,五级,5
躲藏,五级,5
恶劣,五级,5
耳环,五级,5
发表,五级,5
发愁,五级,5
发达,五级,5
发抖,五级,5
发挥,五级,5
发明,五级,5
发票,五级,5
发言,五级,5
罚款,五级,5
法院,五级,5
翻,五级,5
繁荣,五级,5
反而,五级,5
反复,五级,5
反应,五级,5
反映,五级,5
反正,五级,5
范围,五级,5
方,五级,5
方案,五级,5
方式,五级,5
妨碍,五级,5
仿佛,五级,5
非,五级,5
肥皂,五级,5
废话,五级,5
分别,五级,5
分布,五级,5
分配,五级,5
分手,五级,5
分析,五级,5
纷纷,五级,5
奋斗,五级,5
风格,五级,5
风景,五级,5
风俗,五级,5
风险,五级,5
疯狂,五级,5
讽刺,五级,5
否定,五级,5
否认,五级,5
扶,五级,5
服装,五级,5
幅,五级,5
辅导,五级,5
妇女,五级,5
复制,五级,5
改革,五级,5
改进,五级,5
改善,五级,5
改正,五级,5
盖,五级,5
概括,五级,5
概念,五级,5
干脆,五级,5
干燥,五级,5
赶紧,五级,5
赶快,五级,5
感激,五级,5
感受,五级,5
感想,五级,5
干活儿,五级,5
钢铁,五级,5
高档,五级,5
高级,五级,5
搞,五级,5
告别,五级,5
格外,五级,5
隔壁,五级,5
个别,五级,5
个人,五级,5
个性,五级,5
各自,五级,5
根,五级,5
根本,五级,5
工厂,五级,5
工程师,五级,5
工具,五级,5
工人,五级,5
工业,五级,5
公布,五级,5
公开,五级,5
公平,五级,5
公寓,五级,5
公元,五级,5
公主,五级,5
功能,五级,5
恭喜,五级,5
贡献,五级,5
沟通,五级,5
构成,五级,5
姑姑,五级,5
姑娘,五级,5
古代,五级,5
古典,五级,5
股票,五级,5
骨头,五级,5
鼓舞,五级,5
鼓掌,五级,5
固定,五级,5
挂号,五级,5
乖,五级,5
拐弯,五级,5
怪不得,五级,5
关闭,五级,5
观察,五级,5
观点,五级,5
观念,五级,5
官,五级,5
管子,五级,5
冠军,五级,5
光滑,五级,5
光临,五级,5
光明,五级,5
光盘,五级,5
广场,五级,5
广大,五级,5
广泛,五级,5
归纳,五级,5
规矩,五级,5
规律,五级,5
规模,五级,5
规则,五级,5
柜台,五级,5
滚,五级,5
锅,五级,5
国庆节,五级,5
国王,五级,5
果然,五级,5
果实,五级,5
过分,五级,5
过敏,五级,5
过期,五级,5
哈,五级,5
海关,五级,5
海鲜,五级,5
喊,五级,5
行业,五级,5
豪华,五级,5
好客,五级,5
好奇,五级,5
合法,五级,5
合理,五级,5
合同,五级,5
合影,五级,5
合作,五级,5
何必,五级,5
何况,五级,5
和平,五级,5
核心,五级,5
恨,五级,5
猴子,五级,5
后背,五级,5
后果,五级,5
呼吸,五级,5
忽然,五级,5
忽视,五级,5
胡说,五级,5
胡同,五级,5
壶,五级,5
蝴蝶,五级,5
糊涂,五级,5
花生,五级,5
划,五级,5
华裔,五级,5
滑,五级,5
化学,五级,5
话题,五级,5
怀念,五级,5
怀孕,五级,5
缓解,五级,5
幻想,五级,5
慌张,五级,5
黄金,五级,5
灰,五级,5
灰尘,五级,5
灰心,五级,5
挥,五级,5
恢复,五级,5
汇率,五级,5
婚礼,五级,5
婚姻,五级,5
活跃,五级,5
火柴,五级,5
伙伴,五级,5
或许,五级,5
机器,五级,5
肌肉,五级,5
基本,五级,5
激烈,五级,5
及格,五级,5
极其,五级,5
急忙,五级,5
急诊,五级,5
集合,五级,5
集体,五级,5
集中,五级,5
计算,五级,5
记录,五级,5
记忆,五级,5
纪录,五级,5
纪律,五级,5
纪念,五级,5
系领带,五级,5
寂寞,五级,5
夹子,五级,5
家庭,五级,5
家务,五级,5
家乡,五级,5
嘉宾,五级,5
甲,五级,5
假如,五级,5
假设,五级,5
假装,五级,5
价值,五级,5
驾驶,五级,5
嫁,五级,5
坚决,五级,5
坚强,五级,5
肩膀,五级,5
艰巨,五级,5
艰苦,五级,5
兼职,五级,5
捡,五级,5
剪刀,五级,5
简历,五级,5
简直,五级,5
建立,五级,5
建设,五级,5
建筑,五级,5
健身,五级,5
键盘,五级,5
讲究,五级,5
讲座,五级,5
酱油,五级,5
交换,五级,5
交际,五级,5
交往,五级,5
浇,五级,5
胶水,五级,5
角度,五级,5
狡猾,五级,5
教材,五级,5
教练,五级,5
教训,五级,5
阶段,五级,5
结实,五级,5
接触,五级,5
接待,五级,5
接近,五级,5
节省,五级,5
结构,五级,5
结合,五级,5
结论,五级,5
结账,五级,5
戒,五级,5
戒指,五级,5
届,五级,5
借口,五级,5
金属,五级,5
尽快,五级,5
尽量,五级,5
紧急,五级,5
谨慎,五级,5
尽力,五级,5
进步,五级,5
进口,五级,5
近代,五级,5
经典,五级,5
经商,五级,5
经营,五级,5
精力,五级,5
精神,五级,5
酒吧,五级,5
救,五级,5
救护车,五级,5
舅舅,五级,5
居然,五级,5
桔子,五级,5
巨大,五级,5
具备,五级,5
具体,五级,5
俱乐部,五级,5
据说,五级,5
捐,五级,5
决赛,五级,5
决心,五级,5
角色,五级,5
绝对,五级,5
军事,五级,5
均匀,五级,5
卡车,五级,5
开发,五级,5
开放,五级,5
开幕式,五级,5
开水,五级,5
砍,五级,5
看不起,五级,5
看望,五级,5
靠,五级,5
颗,五级,5
可见,五级,5
可靠,五级,5
可怕,五级,5
克,五级,5
克服,五级,5
刻苦,五级,5
客观,五级,5
课程,五级,5
空间,五级,5
空闲,五级,5
控制,五级,5
口味,五级,5
夸,五级,5
夸张,五级,5
会计,五级,5
宽,五级,5
昆虫,五级,5
扩大,五级,5
辣椒,五级,5
拦,五级,5
烂,五级,5
朗读,五级,5
劳动,五级,5
劳驾,五级,5
老百姓,五级,5
老板,五级,5
老婆,五级,5
老实,五级,5
老鼠,五级,5
姥姥,五级,5
乐观,五级,5
雷,五级,5
类型,五级,5
冷淡,五级,5
厘米,五级,5
离婚,五级,5
梨,五级,5
理论,五级,5
理由,五级,5
力量,五级,5
立即,五级,5
立刻,五级,5
利润,五级,5
利息,五级,5
利益,五级,5
利用,五级,5
连忙,五级,5
连续,五级,5
联合,五级,5
恋爱,五级,5
良好,五级,5
粮食,五级,5
亮,五级,5
了不起,五级,5
列车,五级,5
临时,五级,5
灵活,五级,5
铃,五级,5
零件,五级,5
零食,五级,5
领导,五级,5
领域,五级,5
浏览,五级,5
流传,五级,5
流泪,五级,5
龙,五级,5
漏,五级,5
陆地,五级,5
陆续,五级,5
录取,五级,5
录音,五级,5
轮流,五级,5
论文,五级,5
逻辑,五级,5
落后,五级,5
骂,五级,5
麦克风,五级,5
馒头,五级,5
满足,五级,5
毛病,五级,5
矛盾,五级,5
冒险,五级,5
贸易,五级,5
眉毛,五级,5
媒体,五级,5
煤炭,五级,5
美术,五级,5
魅力,五级,5
梦想,五级,5
秘密,五级,5
秘书,五级,5
密切,五级,5
蜜蜂,五级,5
面对,五级,5
面积,五级,5
面临,五级,5
苗条,五级,5
描写,五级,5
敏感,五级,5
名牌,五级,5
名片,五级,5
名胜古迹,五级,5
明确,五级,5
明显,五级,5
明星,五级,5
命令,五级,5
命运,五级,5
摸,五级,5
模仿,五级,5
模糊,五级,5
模特,五级,5
摩托车,五级,5
陌生,五级,5
某,五级,5
木头,五级,5
目标,五级,5
目录,五级,5
目前,五级,5
哪怕,五级,5
难怪,五级,5
难免,五级,5
脑袋,五级,5
内部,五级,5
内科,五级,5
嫩,五级,5
能干,五级,5
能源,五级,5
嗯,五级,5
年代,五级,5
年纪,五级,5
念,五级,5
宁可,五级,5
牛仔裤,五级,5
农村,五级,5
农民,五级,5
农业,五级,5
浓,五级,5
女士,五级,5
欧洲,五级,5
偶然,五级,5
拍,五级,5
派,五级,5
盼望,五级,5
培训,五级,5
培养,五级,5
赔偿,五级,5
佩服,五级,5
配合,五级,5
盆,五级,5
碰,五级,5
批,五级,5
批准,五级,5
披,五级,5
疲劳,五级,5
匹,五级,5
片,五级,5
片面,五级,5
飘,五级,5
拼音,五级,5
频道,五级,5
平,五级,5
平安,五级,5
平常,五级,5
平等,五级,5
平方,五级,5
平衡,五级,5
平静,五级,5
平均,五级,5
评价,五级,5
凭,五级,5
迫切,五级,5
破产,五级,5
破坏,五级,5
期待,五级,5
期间,五级,5
其余,五级,5
奇迹,五级,5
企业,五级,5
启发,五级,5
气氛,五级,5
汽油,五级,5
谦虚,五级,5
签,五级,5
前途,五级,5
浅,五级,5
欠,五级,5
枪,五级,5
强调,五级,5
强烈,五级,5
墙,五级,5
抢,五级,5
悄悄,五级,5
瞧,五级,5
巧妙,五级,5
切,五级,5
亲爱,五级,5
亲切,五级,5
亲自,五级,5
勤奋,五级,5
青,五级,5
青春,五级,5
青少年,五级,5
轻视,五级,5
轻易,五级,5
清淡,五级,5
情景,五级,5
情绪,五级,5
请求,五级,5
庆祝,五级,5
球迷,五级,5
趋势,五级,5
取消,五级,5
娶,五级,5
去世,五级,5
圈,五级,5
权力,五级,5
权利,五级,5
全面,五级,5
劝,五级,5
缺乏,五级,5
确定,五级,5
确认,五级,5
群,五级,5
燃烧,五级,5
绕,五级,5
热爱,五级,5
热烈,五级,5
热心,五级,5
人才,五级,5
人口,五级,5
人类,五级,5
人民币,五级,5
人生,五级,5
人事,五级,5
人物,五级,5
人员,五级,5
忍不住,五级,5
日常,五级,5
日程,五级,5
日历,五级,5
日期,五级,5
日用品,五级,5
日子,五级,5
如何,五级,5
如今,五级,5
软,五级,5
软件,五级,5
弱,五级,5
洒,五级,5
嗓子,五级,5
色彩,五级,5
杀,五级,5
沙漠,五级,5
沙滩,五级,5
傻,五级,5
晒,五级,5
删除,五级,5
闪电,五级,5
扇子,五级,5
善良,五级,5
善于,五级,5
伤害,五级,5
商品,五级,5
商务,五级,5
商业,五级,5
上当,五级,5
蛇,五级,5
舍不得,五级,5
设备,五级,5
设计,五级,5
设施,五级,5
射击,五级,5
摄影,五级,5
伸,五级,5
身材,五级,5
身份,五级,5
深刻,五级,5
神话,五级,5
神秘,五级,5
升,五级,5
生产,五级,5
生动,五级,5
生长,五级,5
声调,五级,5
绳子,五级,5
省略,五级,5
胜利,五级,5
失眠,五级,5
失去,五级,5
失业,五级,5
诗,五级,5
狮子,五级,5
湿润,五级,5
石头,五级,5
时差,五级,5
时代,五级,5
时刻,五级,5
时髦,五级,5
时期,五级,5
时尚,五级,5
实话,五级,5
实践,五级,5
实习,五级,5
实现,五级,5
实验,五级,5
实用,五级,5
食物,五级,5
使劲儿,五级,5
始终,五级,5
士兵,五级,5
市场,五级,5
似的,五级,5
事实,五级,5
事物,五级,5
事先,五级,5
试卷,五级,5
收获,五级,5
收据,五级,5
手工,五级,5
手术,五级,5
手套,五级,5
手续,五级,5
手指,五级,5
首,五级,5
寿命,五级,5
受伤,五级,5
书架,五级,5
梳子,五级,5
舒适,五级,5
输入,五级,5
蔬菜,五级,5
熟练,五级,5
属于,五级,5
鼠标,五级,5
数,五级,5
数据,五级,5
数码,五级,5
摔倒,五级,5
甩,五级,5
双方,五级,5
税,五级,5
说不定,五级,5
说服,五级,5
丝绸,五级,5
丝毫,五级,5
私人,五级,5
思考,五级,5
思想,五级,5
撕,五级,5
似乎,五级,5
搜索,五级,5
宿舍,五级,5
随身,五级,5
随时,五级,5
随手,五级,5
碎,五级,5
损失,五级,5
缩短,五级,5
所,五级,5
锁,五级,5
台阶,五级,5
太极拳,五级,5
太太,五级,5
谈判,五级,5
坦率,五级,5
烫,五级,5
逃,五级,5
逃避,五级,5
桃,五级,5
淘气,五级,5
讨价还价,五级,5
套,五级,5
特色,五级,5
特殊,五级,5
特征,五级,5
疼爱,五级,5
提倡,五级,5
提纲,五级,5
提问,五级,5
题目,五级,5
体会,五级,5
体贴,五级,5
体现,五级,5
体验,五级,5
天空,五级,5
天真,五级,5
调皮,五级,5
调整,五级,5
挑战,五级,5
通常,五级,5
统一,五级,5
痛苦,五级,5
痛快,五级,5
偷,五级,5
投入,五级,5
投资,五级,5
透明,五级,5
突出,五级,5
土地,五级,5
土豆,五级,5
吐,五级,5
兔子,五级,5
团,五级,5
推辞,五级,5
推广,五级,5
推荐,五级,5
退,五级,5
退步,五级,5
退休,五级,5
歪,五级,5
外公,五级,5
外交,五级,5
完美,五级,5
完善,五级,5
完整,五级,5
玩具,五级,5
万一,五级,5
王子,五级,5
网络,五级,5
往返,五级,5
危害,五级,5
威胁,五级,5
微笑,五级,5
违反,五级,5
围巾,五级,5
围绕,五级,5
唯一,五级,5
维修,五级,5
伟大,五级,5
尾巴,五级,5
委屈,五级,5
未必,五级,5
未来,五级,5
位于,五级,5
位置,五级,5
胃,五级,5
胃口,五级,5
温暖,五级,5
温柔,五级,5
文件,五级,5
文具,五级,5
文明,五级,5
文学,五级,5
文字,五级,5
闻,五级,5
吻,五级,5
稳定,五级,5
问候,五级,5
卧室,五级,5
握手,五级,5
屋子,五级,5
无奈,五级,5
无数,五级,5
无所谓,五级,5
武术,五级,5
勿,五级,5
物理,五级,5
物质,五级,5
雾,五级,5
吸取,五级,5
吸收,五级,5
戏剧,五级,5
系,五级,5
系统,五级,5
细节,五级,5
瞎,五级,5
下载,五级,5
吓,五级,5
夏令营,五级,5
鲜艳,五级,5
显得,五级,5
显然,五级,5
显示,五级,5
县,五级,5
现代,五级,5
现实,五级,5
现象,五级,5
限制,五级,5
相处,五级,5
相当,五级,5
相对,五级,5
相关,五级,5
相似,五级,5
香肠,五级,5
享受,五级,5
想念,五级,5
想象,五级,5
项,五级,5
项链,五级,5
项目,五级,5
象棋,五级,5
象征,五级,5
消费,五级,5
消化,五级,5
消极,五级,5
消失,五级,5
销售,五级,5
小麦,五级,5
小气,五级,5
孝顺,五级,5
效率,五级,5
歇,五级,5
斜,五级,5
写作,五级,5
血,五级,5
心理,五级,5
心脏,五级,5
欣赏,五级,5
信号,五级,5
信任,五级,5
行动,五级,5
行人,五级,5
行为,五级,5
形成,五级,5
形容,五级,5
形式,五级,5
形势,五级,5
形象,五级,5
形状,五级,5
幸亏,五级,5
幸运,五级,5
性质,五级,5
兄弟,五级,5
胸,五级,5
休闲,五级,5
修改,五级,5
虚心,五级,5
叙述,五级,5
宣布,五级,5
宣传,五级,5
学历,五级,5
学术,五级,5
学问,五级,5
寻找,五级,5
询问,五级,5
训练,五级,5
迅速,五级,5
押金,五级,5
牙齿,五级,5
延长,五级,5
严肃,五级,5
演讲,五级,5
宴会,五级,5
阳台,五级,5
痒,五级,5
样式,五级,5
腰,五级,5
摇,五级,5
咬,五级,5
要不,五级,5
业务,五级,5
业余,五级,5
夜,五级,5
一辈子,五级,5
一旦,五级,5
一律,五级,5
一再,五级,5
一致,五级,5
依然,五级,5
移动,五级,5
移民,五级,5
遗憾,五级,5
疑问,五级,5
乙,五级,5
以及,五级,5
以来,五级,5
亿,五级,5
义务,五级,5
议论,五级,5
意外,五级,5
意义,五级,5
因而,五级,5
因素,五级,5
银,五级,5
印刷,五级,5
英俊,五级,5
英雄,五级,5
迎接,五级,5
营养,五级,5
营业,五级,5
影子,五级,5
应付,五级,5
应用,五级,5
硬,五级,5
硬件,五级,5
拥抱,五级,5
拥挤,五级,5
勇气,五级,5
用功,五级,5
用途,五级,5
优惠,五级,5
优美,五级,5
优势,五级,5
悠久,五级,5
犹豫,五级,5
油炸,五级,5
游览,五级,5
有利,五级,5
幼儿园,五级,5
娱乐,五级,5
与其,五级,5
语气,五级,5
玉米,五级,5
预报,五级,5
预订,五级,5
预防,五级,5
元旦,五级,5
员工,五级,5
原料,五级,5
原则,五级,5
圆,五级,5
愿望,五级,5
乐器,五级,5
晕,五级,5
运气,五级,5
运输,五级,5
运用,五级,5
灾害,五级,5
再三,五级,5
在乎,五级,5
在于,五级,5
赞成,五级,5
赞美,五级,5
糟糕,五级,5
造成,五级,5
则,五级,5
责备,五级,5
摘,五级,5
窄,五级,5
粘贴,五级,5
展开,五级,5
展览,五级,5
占,五级,5
战争,五级,5
长辈,五级,5
涨,五级,5
掌握,五级,5
账户,五级,5
招待,五级,5
着火,五级,5
着凉,五级,5
召开,五级,5
照常,五级,5
哲学,五级,5
针对,五级,5
珍惜,五级,5
真实,五级,5
诊断,五级,5
阵,五级,5
振动,五级,5
争论,五级,5
争取,五级,5
征求,五级,5
睁,五级,5
整个,五级,5
整齐,五级,5
整体,五级,5
正,五级,5
证件,五级,5
证据,五级,5
政府,五级,5
政治,五级,5
挣,五级,5
支,五级,5
支票,五级,5
执照,五级,5
直,五级,5
指导,五级,5
指挥,五级,5
至今,五级,5
至于,五级,5
志愿者,五级,5
制定,五级,5
制度,五级,5
制造,五级,5
制作,五级,5
治疗,五级,5
秩序,五级,5
智慧,五级,5
中介,五级,5
中心,五级,5
中旬,五级,5
种类,五级,5
重大,五级,5
重量,五级,5
周到,五级,5
猪,五级,5
竹子,五级,5
逐步,五级,5
逐渐,五级,5
主持,五级,5
主动,五级,5
主观,五级,5
主人,五级,5
主任,五级,5
主题,五级,5
主席,五级,5
主张,五级,5
煮,五级,5
注册,五级,5
祝福,五级,5
抓,五级,5
抓紧,五级,5
专家,五级,5
专心,五级,5
转变,五级,5
转告,五级,5
装,五级,5
装饰,五级,5
装修,五级,5
状况,五级,5
状态,五级,5
撞,五级,5
追,五级,5
追求,五级,5
咨询,五级,5
姿势,五级,5
资格,五级,5
资金,五级,5
资料,五级,5
资源,五级,5
紫,五级,5
自从,五级,5
自动,五级,5
自豪,五级,5
自觉,五级,5
自私,五级,5
自由,五级,5
自愿,五级,5
字母,五级,5
字幕,五级,5
综合,五级,5
总裁,五级,5
总共,五级,5
总理,五级,5
总算,五级,5
总统,五级,5
总之,五级,5
阻止,五级,5
组,五级,5
组成,五级,5
组合,五级,5
组织,五级,5
最初,五级,5
醉,五级,5
尊敬,五级,5
遵守,五级,5
作品,五级,5
作为,五级,5
作文,五级,5
挨,六级,6
癌症,六级,6
爱不释手,六级,6
爱戴,六级,6
暧昧,六级,6
安宁,六级,6
安详,六级,6
安置,六级,6
按摩,六级,6
案件,六级,6
案例,六级,6
暗示,六级,6
昂贵,六级,6
凹凸,六级,6
熬,六级,6
奥秘,六级,6
巴不得,六级,6
巴结,六级,6
扒,六级,6
疤,六级,6
拔苗助长,六级,6
把关,六级,6
把手,六级,6
罢工,六级,6
霸道,六级,6
掰,六级,6
摆脱,六级,6
败坏,六级,6
拜访,六级,6
拜年,六级,6
拜托,六级,6
颁布,六级,6
颁发,六级,6
斑,六级,6
版本,六级,6
半途而废,六级,6
扮演,六级,6
伴侣,六级,6
伴随,六级,6
绑架,六级,6
榜样,六级,6
磅,六级,6
包庇,六级,6
包袱,六级,6
包围,六级,6
包装,六级,6
饱和,六级,6
饱经沧桑,六级,6
保管,六级,6
保密,六级,6
保姆,六级,6
保守,六级,6
保卫,六级,6
保养,六级,6
保障,六级,6
保重,六级,6
报仇,六级,6
报酬,六级,6
报答,六级,6
报复,六级,6
报警,六级,6
报销,六级,6
抱负,六级,6
暴力,六级,6
暴露,六级,6
曝光,六级,6
爆发,六级,6
爆炸,六级,6
卑鄙,六级,6
悲哀,六级,6
悲惨,六级,6
北极,六级,6
贝壳,六级,6
备份,六级,6
备忘录,六级,6
背叛,六级,6
背诵,六级,6
被动,六级,6
被告,六级,6
奔波,六级,6
奔驰,六级,6
本能,六级,6
本钱,六级,6
本人,六级,6
本身,六级,6
本事,六级,6
笨拙,六级,6
崩溃,六级,6
甭,六级,6
迸发,六级,6
蹦,六级,6
逼迫,六级,6
鼻涕,六级,6
比方,六级,6
比喻,六级,6
比重,六级,6
鄙视,六级,6
闭塞,六级,6
弊病,六级,6
弊端,六级,6
臂,六级,6
边疆,六级,6
边界,六级,6
边境,六级,6
边缘,六级,6
编织,六级,6
鞭策,六级,6
贬低,六级,6
贬义,六级,6
扁,六级,6
变故,六级,6
变迁,六级,6
变质,六级,6
便利,六级,6
便条,六级,6
便于,六级,6
遍布,六级,6
辨认,六级,6
辩护,六级,6
辩解,六级,6
辩证,六级,6
辫子,六级,6
标本,六级,6
标记,六级,6
标题,六级,6
表决,六级,6
表态,六级,6
表彰,六级,6
憋,六级,6
别墅,六级,6
别致,六级,6
别扭,六级,6
濒临,六级,6
冰雹,六级,6
丙,六级,6
并非,六级,6
并列,六级,6
拨,六级,6
波浪,六级,6
波涛,六级,6
剥削,六级,6
播种,六级,6
伯母,六级,6
博大精深,六级,6
博览会,六级,6
搏斗,六级,6
薄弱,六级,6
补偿,六级,6
补救,六级,6
补贴,六级,6
捕捉,六级,6
哺乳,六级,6
不得已,六级,6
不妨,六级,6
不敢当,六级,6
不顾,六级,6
不禁,六级,6
不堪,六级,6
不可思议,六级,6
不愧,六级,6
不料,六级,6
不免,六级,6
不时,六级,6
不惜,六级,6
不相上下,六级,6
不像话,六级,6
不屑一顾,六级,6
不言而喻,六级,6
不由得,六级,6
不择手段,六级,6
不止,六级,6
布告,六级,6
布局,六级,6
布置,六级,6
步伐,六级,6
部署,六级,6
部位,六级,6
才干,六级,6
财富,六级,6
财务,六级,6
财政,六级,6
裁缝,六级,6
裁判,六级,6
裁员,六级,6
采购,六级,6
采集,六级,6
采纳,六级,6
彩票,六级,6
参谋,六级,6
参照,六级,6
残疾,六级,6
残酷,六级,6
残留,六级,6
残忍,六级,6
灿烂,六级,6
仓促,六级,6
仓库,六级,6
苍白,六级,6
舱,六级,6
操劳,六级,6
操练,六级,6
操纵,六级,6
操作,六级,6
嘈杂,六级,6
草案,六级,6
草率,六级,6
侧面,六级,6
测量,六级,6
策划,六级,6
策略,六级,6
层出不穷,六级,6
层次,六级,6
差别,六级,6
插座,六级,6
查获,六级,6
岔,六级,6
刹那,六级,6
诧异,六级,6
柴油,六级,6
搀,六级,6
馋,六级,6
缠绕,六级,6
产业,六级,6
阐述,六级,6
颤抖,六级,6
昌盛,六级,6
尝试,六级,6
偿还,六级,6
场合,六级,6
场面,六级,6
场所,六级,6
敞开,六级,6
畅通,六级,6
畅销,六级,6
倡导,六级,6
倡议,六级,6
钞票,六级,6
超越,六级,6
巢穴,六级,6
朝代,六级,6
嘲笑,六级,6
潮流,六级,6
撤退,六级,6
撤销,六级,6
沉淀,六级,6
沉闷,六级,6
沉思,六级,6
沉重,六级,6
沉着,六级,6
陈旧,六级,6
陈列,六级,6
陈述,六级,6
衬托,六级,6
称心如意,六级,6
称号,六级,6
成本,六级,6
成交,六级,6
成天,六级,6
成效,六级,6
成心,六级,6
成员,六级,6
呈现,六级,6
诚挚,六级,6
承办,六级,6
承包,六级,6
承诺,六级,6
城堡,六级,6
乘,六级,6
盛,六级,6
惩罚,六级,6
澄清,六级,6
橙,六级,6
秤,六级,6
吃苦,六级,6
吃力,六级,6
迟钝,六级,6
迟缓,六级,6
迟疑,六级,6
持久,六级,6
赤道,六级,6
赤字,六级,6
冲动,六级,6
冲击,六级,6
冲突,六级,6
充当,六级,6
充沛,六级,6
充实,六级,6
充足,六级,6
重叠,六级,6
崇拜,六级,6
崇高,六级,6
崇敬,六级,6
稠密,六级,6
筹备,六级,6
丑恶,六级,6
出路,六级,6
出卖,六级,6
出身,六级,6
出神,六级,6
出息,六级,6
初步,六级,6
除,六级,6
处分,六级,6
处境,六级,6
处置,六级,6
储备,六级,6
储存,六级,6
储蓄,六级,6
触犯,六级,6
川流不息,六级,6
穿越,六级,6
传达,六级,6
传单,六级,6
传授,六级,6
船舶,六级,6
喘气,六级,6
串,六级,6
床单,六级,6
创立,六级,6
创新,六级,6
创业,六级,6
创作,六级,6
吹牛,六级,6
吹捧,六级,6
炊烟,六级,6
垂直,六级,6
锤,六级,6
纯粹,六级,6
纯洁,六级,6
慈善,六级,6
慈祥,六级,6
磁带,六级,6
雌雄,六级,6
次品,六级,6
次序,六级,6
伺候,六级,6
刺,六级,6
从容,六级,6
丛,六级,6
凑合,六级,6
粗鲁,六级,6
窜,六级,6
摧残,六级,6
脆弱,六级,6
搓,六级,6
磋商,六级,6
挫折,六级,6
搭,六级,6
搭档,六级,6
搭配,六级,6
达成,六级,6
答辩,六级,6
答复,六级,6
打包,六级,6
打官司,六级,6
打击,六级,6
打架,六级,6
打量,六级,6
打猎,六级,6
打仗,六级,6
大不了,六级,6
大臣,六级,6
大伙儿,六级,6
大肆,六级,6
大体,六级,6
大意,六级,6
大致,六级,6
歹徒,六级,6
代价,六级,6
代理,六级,6
带领,六级,6
怠慢,六级,6
逮捕,六级,6
担保,六级,6
胆怯,六级,6
诞辰,六级,6
诞生,六级,6
淡季,六级,6
淡水,六级,6
蛋白质,六级,6
当场,六级,6
当初,六级,6
当代,六级,6
当面,六级,6
当前,六级,6
当事人,六级,6
当务之急,六级,6
当选,六级,6
党,六级,6
档案,六级,6
档次,六级,6
导弹,六级,6
导航,六级,6
导向,六级,6
捣乱,六级,6
倒闭,六级,6
盗窃,六级,6
稻谷,六级,6
得不偿失,六级,6
得力,六级,6
得天独厚,六级,6
得罪,六级,6
灯笼,六级,6
登陆,六级,6
登录,六级,6
蹬,六级,6
等候,六级,6
等级,六级,6
瞪,六级,6
堤坝,六级,6
敌视,六级,6
抵达,六级,6
抵抗,六级,6
抵制,六级,6
地步,六级,6
地势,六级,6
地质,六级,6
递增,六级,6
颠簸,六级,6
颠倒,六级,6
典礼,六级,6
典型,六级,6
点缀,六级,6
电源,六级,6
垫,六级,6
惦记,六级,6
奠定,六级,6
叼,六级,6
雕刻,六级,6
雕塑,六级,6
吊,六级,6
调动,六级,6
跌,六级,6
丁,六级,6
叮嘱,六级,6
盯,六级,6
定期,六级,6
定义,六级,6
丢人,六级,6
丢三落四,六级,6
东道主,六级,6
东张西望,六级,6
董事长,六级,6
动荡,六级,6
动机,六级,6
动静,六级,6
动力,六级,6
动脉,六级,6
动身,六级,6
动手,六级,6
动态,六级,6
动员,六级,6
冻结,六级,6
栋,六级,6
兜,六级,6
陡峭,六级,6
斗争,六级,6
督促,六级,6
毒品,六级,6
独裁,六级,6
堵塞,六级,6
赌博,六级,6
杜绝,六级,6
端,六级,6
端午节,六级,6
端正,六级,6
短促,六级,6
断定,六级,6
断绝,六级,6
堆积,六级,6
队伍,六级,6
对策,六级,6
对称,六级,6
对付,六级,6
对抗,六级,6
对立,六级,6
对联,六级,6
对应,六级,6
对照,六级,6
兑现,六级,6
顿时,六级,6
多元化,六级,6
哆嗦,六级,6
堕落,六级,6
额外,六级,6
恶心,六级,6
恶化,六级,6
遏制,六级,6
恩怨,六级,6
而已,六级,6
二氧化碳,六级,6
发布,六级,6
发财,六级,6
发呆,六级,6
发动,六级,6
发觉,六级,6
发射,六级,6
发誓,六级,6
发行,六级,6
发炎,六级,6
发扬,六级,6
发育,六级,6
法人,六级,6
番,六级,6
凡是,六级,6
繁华,六级,6
繁忙,六级,6
繁体字,六级,6
繁殖,六级,6
反驳,六级,6
反常,六级,6
反感,六级,6
反抗,六级,6
反馈,六级,6
反面,六级,6
反射,六级,6
反思,六级,6
反问,六级,6
反之,六级,6
泛滥,六级,6
范畴,六级,6
贩卖,六级,6
方位,六级,6
方言,六级,6
方圆,六级,6
方针,六级,6
防守,六级,6
防御,六级,6
防止,六级,6
防治,六级,6
访问,六级,6
纺织,六级,6
放大,六级,6
放射,六级,6
飞禽走兽,六级,6
飞翔,六级,6
飞跃,六级,6
非法,六级,6
肥沃,六级,6
诽谤,六级,6
肺,六级,6
废除,六级,6
废寝忘食,六级,6
废墟,六级,6
沸腾,六级,6
分辨,六级,6
分寸,六级,6
分红,六级,6
分解,六级,6
分裂,六级,6
分泌,六级,6
分明,六级,6
分歧,六级,6
分散,六级,6
吩咐,六级,6
坟墓,六级,6
粉末,六级,6
粉色,六级,6
粉碎,六级,6
分量,六级,6
愤怒,六级,6
丰满,六级,6
丰盛,六级,6
丰收,六级,6
风暴,六级,6
风度,六级,6
风光,六级,6
风气,六级,6
风趣,六级,6
风土人情,六级,6
风味,六级,6
封闭,六级,6
封建,六级,6
封锁,六级,6
锋利,六级,6
逢,六级,6
奉献,六级,6
否决,六级,6
夫妇,六级,6
夫人,六级,6
敷衍,六级,6
服从,六级,6
服气,六级,6
俘虏,六级,6
符号,六级,6
幅度,六级,6
辐射,六级,6
福利,六级,6
福气,六级,6
抚摸,六级,6
抚养,六级,6
俯视,六级,6
辅助,六级,6
腐败,六级,6
腐烂,六级,6
腐蚀,六级,6
腐朽,六级,6
负担,六级,6
附和,六级,6
附件,六级,6
附属,六级,6
复活,六级,6
复兴,六级,6
副,六级,6
赋予,六级,6
富裕,六级,6
腹泻,六级,6
覆盖,六级,6
改良,六级,6
钙,六级,6
盖章,六级,6
干旱,六级,6
干扰,六级,6
干涉,六级,6
干预,六级,6
尴尬,六级,6
感慨,六级,6
感染,六级,6
干劲,六级,6
纲领,六级,6
岗位,六级,6
港口,六级,6
港湾,六级,6
杠杆,六级,6
高超,六级,6
高潮,六级,6
高峰,六级,6
高明,六级,6
高尚,六级,6
高涨,六级,6
稿件,六级,6
告辞,六级,6
告诫,六级,6
疙瘩,六级,6
鸽子,六级,6
搁,六级,6
割,六级,6
歌颂,六级,6
革命,六级,6
格局,六级,6
格式,六级,6
隔阂,六级,6
隔离,六级,6
个体,六级,6
各抒己见,六级,6
根深蒂固,六级,6
根源,六级,6
跟前,六级,6
跟随,六级,6
跟踪,六级,6
更新,六级,6
更正,六级,6
耕地,六级,6
工艺品,六级,6
公安局,六级,6
公道,六级,6
公告,六级,6
公关,六级,6
公民,六级,6
公然,六级,6
公认,六级,6
公式,六级,6
公务,六级,6
公正,六级,6
公证,六级,6
功劳,六级,6
功效,六级,6
攻击,六级,6
攻克,六级,6
供不应求,六级,6
供给,六级,6
宫殿,六级,6
恭敬,六级,6
巩固,六级,6
共和国,六级,6
共计,六级,6
共鸣,六级,6
勾结,六级,6
钩子,六级,6
构思,六级,6
孤独,六级,6
孤立,六级,6
姑且,六级,6
辜负,六级,6
古董,六级,6
古怪,六级,6
股东,六级,6
股份,六级,6
骨干,六级,6
鼓动,六级,6
固然,六级,6
固体,六级,6
固有,六级,6
固执,六级,6
故乡,六级,6
故障,六级,6
顾虑,六级,6
顾问,六级,6
雇佣,六级,6
拐杖,六级,6
关怀,六级,6
关照,六级,6
观光,六级,6
官方,六级,6
管辖,六级,6
贯彻,六级,6
惯例,六级,6
灌溉,六级,6
罐,六级,6
光彩,六级,6
光辉,六级,6
光芒,六级,6
光荣,六级,6
广阔,六级,6
归根到底,六级,6
归还,六级,6
规范,六级,6
规格,六级,6
规划,六级,6
规章,六级,6
轨道,六级,6
贵族,六级,6
跪,六级,6
棍棒,六级,6
国防,六级,6
国务院,六级,6
果断,六级,6
过度,六级,6
过渡,六级,6
过奖,六级,6
过滤,六级,6
过失,六级,6
过问,六级,6
过瘾,六级,6
过于,六级,6
嗨,六级,6
海拔,六级,6
海滨,六级,6
含糊,六级,6
含义,六级,6
寒暄,六级,6
罕见,六级,6
捍卫,六级,6
行列,六级,6
航空,六级,6
航天,六级,6
航行,六级,6
毫米,六级,6
毫无,六级,6
豪迈,六级,6
号召,六级,6
耗费,六级,6
呵,六级,6
合并,六级,6
合成,六级,6
合伙,六级,6
合算,六级,6
和蔼,六级,6
和解,六级,6
和睦,六级,6
和气,六级,6
和谐,六级,6
嘿,六级,6
痕迹,六级,6
狠心,六级,6
恨不得,六级,6
横,六级,6
哼,六级,6
轰动,六级,6
烘,六级,6
宏观,六级,6
宏伟,六级,6
洪水,六级,6
哄,六级,6
喉咙,六级,6
吼,六级,6
后代,六级,6
后顾之忧,六级,6
后勤,六级,6
候选,六级,6
呼唤,六级,6
呼啸,六级,6
呼吁,六级,6
忽略,六级,6
胡乱,六级,6
胡须,六级,6
湖泊,六级,6
花瓣,六级,6
花蕾,六级,6
华丽,六级,6
华侨,六级,6
化肥,六级,6
化石,六级,6
化验,六级,6
化妆,六级,6
划分,六级,6
画蛇添足,六级,6
话筒,六级,6
欢乐,六级,6
还原,六级,6
环节,六级,6
缓和,六级,6
患者,六级,6
荒凉,六级,6
荒谬,六级,6
荒唐,六级,6
皇帝,六级,6
皇后,六级,6
黄昏,六级,6
恍然大悟,六级,6
晃,六级,6
挥霍,六级,6
辉煌,六级,6
回报,六级,6
回避,六级,6
回顾,六级,6
回收,六级,6
悔恨,六级,6
毁灭,六级,6
汇报,六级,6
会晤,六级,6
贿赂,六级,6
昏迷,六级,6
荤,六级,6
浑身,六级,6
混合,六级,6
混乱,六级,6
混淆,六级,6
混浊,六级,6
活该,六级,6
活力,六级,6
火箭,六级,6
火焰,六级,6
火药,六级,6
货币,六级,6
讥笑,六级,6
饥饿,六级,6
机动,六级,6
机构,六级,6
机灵,六级,6
机密,六级,6
机械,六级,6
机遇,六级,6
机智,六级,6
基地,六级,6
基金,六级,6
基因,六级,6
激发,六级,6
激励,六级,6
激情,六级,6
及早,六级,6
吉祥,六级,6
级别,六级,6
极端,六级,6
极限,六级,6
即便,六级,6
即将,六级,6
急功近利,六级,6
急剧,六级,6
急切,六级,6
急于求成,六级,6
急躁,六级,6
疾病,六级,6
集团,六级,6
嫉妒,六级,6
籍贯,六级,6
给予,六级,6
计较,六级,6
记性,六级,6
记载,六级,6
纪要,六级,6
技巧,六级,6
忌讳,六级,6
季度,六级,6
季军,六级,6
迹象,六级,6
继承,六级,6
寄托,六级,6
寂静,六级,6
加工,六级,6
加剧,六级,6
夹杂,六级,6
佳肴,六级,6
家常,六级,6
家伙,六级,6
家属,六级,6
家喻户晓,六级,6
尖端,六级,6
尖锐,六级,6
坚定,六级,6
坚固,六级,6
坚韧,六级,6
坚实,六级,6
坚硬,六级,6
艰难,六级,6
监督,六级,6
监视,六级,6
监狱,六级,6
煎,六级,6
拣,六级,6
检讨,六级,6
检验,六级,6
剪彩,六级,6
简化,六级,6
简陋,六级,6
简体字,六级,6
简要,六级,6
见多识广,六级,6
见解,六级,6
见闻,六级,6
见义勇为,六级,6
间谍,六级,6
间隔,六级,6
间接,六级,6
剑,六级,6
健全,六级,6
舰艇,六级,6
践踏,六级,6
溅,六级,6
鉴别,六级,6
鉴定,六级,6
鉴于,六级,6
将近,六级,6
将就,六级,6
将军,六级,6
僵硬,六级,6
奖励,六级,6
奖赏,六级,6
桨,六级,6
降临,六级,6
交叉,六级,6
交代,六级,6
交涉,六级,6
交易,六级,6
娇气,六级,6
焦点,六级,6
焦急,六级,6
角落,六级,6
侥幸,六级,6
搅拌,六级,6
缴纳,六级,6
较量,六级,6
教养,六级,6
阶层,六级,6
皆,六级,6
接连,六级,6
揭露,六级,6
节制,六级,6
节奏,六级,6
杰出,六级,6
结晶,六级,6
结局,六级,6
结算,六级,6
截止,六级,6
截至,六级,6
竭尽全力,六级,6
解除,六级,6
解放,六级,6
解雇,六级,6
解剖,六级,6
解散,六级,6
解体,六级,6
戒备,六级,6
界限,六级,6
借鉴,六级,6
借助,六级,6
金融,六级,6
津津有味,六级,6
紧迫,六级,6
锦上添花,六级,6
进而,六级,6
进攻,六级,6
进化,六级,6
进展,六级,6
近来,六级,6
晋升,六级,6
浸泡,六级,6
茎,六级,6
经费,六级,6
经纬,六级,6
惊动,六级,6
惊奇,六级,6
惊讶,六级,6
兢兢业业,六级,6
精打细算,六级,6
精华,六级,6
精简,六级,6
精密,六级,6
精确,六级,6
精通,六级,6
精心,六级,6
精益求精,六级,6
精致,六级,6
井,六级,6
颈椎,六级,6
警告,六级,6
警惕,六级,6
竞赛,六级,6
竞选,六级,6
敬礼,六级,6
敬业,六级,6
境界,六级,6
镜头,六级,6
纠纷,六级,6
纠正,六级,6
酒精,六级,6
救济,六级,6
就近,六级,6
就业,六级,6
就职,六级,6
拘留,六级,6
拘束,六级,6
居民,六级,6
居住,六级,6
鞠躬,六级,6
局部,六级,6
局面,六级,6
局势,六级,6
局限,六级,6
咀嚼,六级,6
沮丧,六级,6
举动,六级,6
举世瞩目,六级,6
举足轻重,六级,6
剧本,六级,6
剧烈,六级,6
据悉,六级,6
聚精会神,六级,6
卷,六级,6
决策,六级,6
觉悟,六级,6
觉醒,六级,6
绝望,六级,6
倔强,六级,6
军队,六级,6
君子,六级,6
卡通,六级,6
开采,六级,6
开除,六级,6
开阔,六级,6
开朗,六级,6
开明,六级,6
开辟,六级,6
开拓,六级,6
开展,六级,6
开支,六级,6
刊登,六级,6
刊物,六级,6
勘探,六级,6
侃侃而谈,六级,6
砍伐,六级,6
看待,六级,6
慷慨,六级,6
扛,六级,6
抗议,六级,6
考察,六级,6
考古,六级,6
考核,六级,6
考验,六级,6
靠拢,六级,6
科目,六级,6
磕,六级,6
可观,六级,6
可口,六级,6
可恶,六级,6
可行,六级,6
渴望,六级,6
克制,六级,6
刻不容缓,六级,6
客户,六级,6
课题,六级,6
恳切,六级,6
啃,六级,6
坑,六级,6
空洞,六级,6
空前绝后,六级,6
空想,六级,6
空虚,六级,6
孔,六级,6
恐怖,六级,6
恐吓,六级,6
恐惧,六级,6
空白,六级,6
空隙,六级,6
口气,六级,6
口腔,六级,6
口头,六级,6
口音,六级,6
扣,六级,6
枯萎,六级,6
枯燥,六级,6
哭泣,六级,6
苦尽甘来,六级,6
苦涩,六级,6
挎,六级,6
跨,六级,6
快活,六级,6
宽敞,六级,6
宽容,六级,6
款待,六级,6
款式,六级,6
筐,六级,6
旷课,六级,6
况且,六级,6
矿产,六级,6
框架,六级,6
亏待,六级,6
亏损,六级,6
捆绑,六级,6
扩充,六级,6
扩散,六级,6
扩张,六级,6
喇叭,六级,6
蜡烛,六级,6
啦,六级,6
来历,六级,6
来源,六级,6
栏目,六级,6
懒惰,六级,6
狼狈,六级,6
狼吞虎咽,六级,6
捞,六级,6
牢固,六级,6
牢骚,六级,6
唠叨,六级,6
乐趣,六级,6
乐意,六级,6
雷达,六级,6
类似,六级,6
冷酷,六级,6
冷落,六级,6
冷却,六级,6
愣,六级,6
黎明,六级,6
礼节,六级,6
礼尚往来,六级,6
里程碑,六级,6
理睬,六级,6
理所当然,六级,6
理直气壮,六级,6
理智,六级,6
力求,六级,6
力所能及,六级,6
力争,六级,6
历代,六级,6
历来,六级,6
立场,六级,6
立方,六级,6
立交桥,六级,6
立体,六级,6
立足,六级,6
利害,六级,6
例外,六级,6
粒,六级,6
连年,六级,6
连锁,六级,6
连同,六级,6
联欢,六级,6
联络,六级,6
联盟,六级,6
联想,六级,6
廉洁,六级,6
良心,六级,6
谅解,六级,6
晾,六级,6
辽阔,六级,6
列举,六级,6
临床,六级,6
淋,六级,6
吝啬,六级,6
伶俐,六级,6
灵感,六级,6
灵魂,六级,6
灵敏,六级,6
凌晨,六级,6
零星,六级,6
领会,六级,6
领事馆,六级,6
领土,六级,6
领悟,六级,6
领先,六级,6
领袖,六级,6
溜,六级,6
留恋,六级,6
留念,六级,6
留神,六级,6
流浪,六级,6
流露,六级,6
流氓,六级,6
流通,六级,6
聋哑,六级,6
隆重,六级,6
垄断,六级,6
笼罩,六级,6
搂,六级,6
炉灶,六级,6
屡次,六级,6
履行,六级,6
掠夺,六级,6
轮船,六级,6
轮廓,六级,6
轮胎,六级,6
论坛,六级,6
论证,六级,6
啰唆,六级,6
络绎不绝,六级,6
落成,六级,6
落实,六级,6
麻痹,六级,6
麻木,六级,6
麻醉,六级,6
码头,六级,6
蚂蚁,六级,6
嘛,六级,6
埋伏,六级,6
埋没,六级,6
埋葬,六级,6
迈,六级,6
脉搏,六级,6
埋怨,六级,6
蔓延,六级,6
漫长,六级,6
漫画,六级,6
慢性,六级,6
忙碌,六级,6
盲目,六级,6
茫茫,六级,6
茫然,六级,6
茂盛,六级,6
冒充,六级,6
冒犯,六级,6
枚,六级,6
媒介,六级,6
美观,六级,6
美满,六级,6
美妙,六级,6
萌芽,六级,6
猛烈,六级,6
眯,六级,6
弥补,六级,6
弥漫,六级,6
迷惑,六级,6
迷人,六级,6
迷信,六级,6
谜语,六级,6
密度,六级,6
密封,六级,6
棉花,六级,6
免得,六级,6
免疫,六级,6
勉励,六级,6
勉强,六级,6
面貌,六级,6
面子,六级,6
描绘,六级,6
瞄准,六级,6
渺小,六级,6
藐视,六级,6
灭亡,六级,6
蔑视,六级,6
民间,六级,6
民主,六级,6
敏捷,六级,6
敏锐,六级,6
名次,六级,6
名额,六级,6
名副其实,六级,6
名誉,六级,6
明明,六级,6
明智,六级,6
命名,六级,6
摸索,六级,6
模范,六级,6
模式,六级,6
模型,六级,6
膜,六级,6
摩擦,六级,6
磨合,六级,6
魔鬼,六级,6
魔术,六级,6
抹杀,六级,6
莫名其妙,六级,6
墨水儿,六级,6
默默,六级,6
谋求,六级,6
模样,六级,6
母语,六级,6
目睹,六级,6
目光,六级,6
沐浴,六级,6
拿手,六级,6
纳闷儿,六级,6
耐用,六级,6
南辕北辙,六级,6
难得,六级,6
难堪,六级,6
难能可贵,六级,6
恼火,六级,6
内涵,六级,6
内幕,六级,6
内在,六级,6
能量,六级,6
拟定,六级,6
逆行,六级,6
年度,六级,6
捏,六级,6
凝固,六级,6
凝聚,六级,6
凝视,六级,6
拧,六级,6
宁肯,六级,6
宁愿,六级,6
扭转,六级,6
纽扣儿,六级,6
农历,六级,6
浓厚,六级,6
奴隶,六级,6
虐待,六级,6
挪,六级,6
哦,六级,6
殴打,六级,6
呕吐,六级,6
偶像,六级,6
趴,六级,6
排斥,六级,6
排除,六级,6
排放,六级,6
排练,六级,6
徘徊,六级,6
派别,六级,6
派遣,六级,6
攀登,六级,6
盘旋,六级,6
判决,六级,6
畔,六级,6
庞大,六级,6
抛弃,六级,6
泡沫,六级,6
培育,六级,6
配备,六级,6
配偶,六级,6
配套,六级,6
盆地,六级,6
烹饪,六级,6
捧,六级,6
批发,六级,6
批判,六级,6
劈,六级,6
皮革,六级,6
疲惫,六级,6
疲倦,六级,6
屁股,六级,6
譬如,六级,6
偏差,六级,6
偏见,六级,6
偏僻,六级,6
偏偏,六级,6
片断,六级,6
片刻,六级,6
漂浮,六级,6
飘扬,六级,6
撇,六级,6
拼搏,六级,6
拼命,六级,6
贫乏,六级,6
贫困,六级,6
频繁,六级,6
频率,六级,6
品尝,六级,6
品德,六级,6
品质,六级,6
品种,六级,6
平凡,六级,6
平面,六级,6
平坦,六级,6
平行,六级,6
平庸,六级,6
平原,六级,6
评估,六级,6
评论,六级,6
屏幕,六级,6
屏障,六级,6
坡,六级,6
泼,六级,6
颇,六级,6
迫不及待,六级,6
迫害,六级,6
破例,六级,6
魄力,六级,6
扑,六级,6
铺,六级,6
朴实,六级,6
朴素,六级,6
普及,六级,6
瀑布,六级,6
凄凉,六级,6
期望,六级,6
期限,六级,6
欺负,六级,6
欺骗,六级,6
齐全,六级,6
齐心协力,六级,6
奇妙,六级,6
歧视,六级,6
旗袍,六级,6
旗帜,六级,6
乞丐,六级,6
岂有此理,六级,6
企图,六级,6
启程,六级,6
启蒙,六级,6
启示,六级,6
启事,六级,6
起草,六级,6
起初,六级,6
起伏,六级,6
起哄,六级,6
起码,六级,6
起源,六级,6
气概,六级,6
气功,六级,6
气魄,六级,6
气色,六级,6
气势,六级,6
气味,六级,6
气象,六级,6
气压,六级,6
气质,六级,6
迄今为止,六级,6
器材,六级,6
器官,六级,6
掐,六级,6
洽谈,六级,6
恰当,六级,6
恰到好处,六级,6
恰巧,六级,6
千方百计,六级,6
迁就,六级,6
迁徙,六级,6
牵,六级,6
牵扯,六级,6
牵制,六级,6
谦逊,六级,6
签署,六级,6
前景,六级,6
前提,六级,6
潜力,六级,6
潜水,六级,6
潜移默化,六级,6
谴责,六级,6
强制,六级,6
抢劫,六级,6
抢救,六级,6
强迫,六级,6
桥梁,六级,6
窍门,六级,6
翘,六级,6
切实,六级,6
锲而不舍,六级,6
钦佩,六级,6
侵犯,六级,6
侵略,六级,6
亲密,六级,6
亲热,六级,6
勤俭,六级,6
勤劳,六级,6
倾听,六级,6
倾向,六级,6
倾斜,六级,6
清澈,六级,6
清晨,六级,6
清除,六级,6
清洁,六级,6
清理,六级,6
清晰,六级,6
清醒,六级,6
清真,六级,6
情报,六级,6
情节,六级,6
情理,六级,6
情形,六级,6
晴朗,六级,6
请柬,六级,6
请教,六级,6
请示,六级,6
请帖,六级,6
丘陵,六级,6
区分,六级,6
区域,六级,6
曲折,六级,6
驱逐,六级,6
屈服,六级,6
渠道,六级,6
曲子,六级,6
取缔,六级,6
趣味,六级,6
圈套,六级,6
权衡,六级,6
权威,六级,6
全局,六级,6
全力以赴,六级,6
拳头,六级,6
犬,六级,6
缺口,六级,6
缺席,六级,6
缺陷,六级,6
瘸,六级,6
确保,六级,6
确立,六级,6
确切,六级,6
确信,六级,6
群众,六级,6
染,六级,6
嚷,六级,6
让步,六级,6
饶恕,六级,6
扰乱,六级,6
惹祸,六级,6
热泪盈眶,六级,6
热门,六级,6
人道,六级,6
人格,六级,6
人工,六级,6
人家,六级,6
人间,六级,6
人士,六级,6
人为,六级,6
人性,六级,6
人质,六级,6
仁慈,六级,6
忍耐,六级,6
忍受,六级,6
认定,六级,6
认可,六级,6
任命,六级,6
任性,六级,6
任意,六级,6
任重道远,六级,6
仍旧,六级,6
日新月异,六级,6
日益,六级,6
荣幸,六级,6
荣誉,六级,6
容貌,六级,6
容纳,六级,6
容器,六级,6
容忍,六级,6
溶解,六级,6
融化,六级,6
融洽,六级,6
柔和,六级,6
揉,六级,6
儒家,六级,6
若干,六级,6
弱点,六级,6
撒谎,六级,6
散文,六级,6
散布,六级,6
散发,六级,6
丧失,六级,6
骚扰,六级,6
嫂子,六级,6
刹车,六级,6
啥,六级,6
筛选,六级,6
山脉,六级,6
闪烁,六级,6
擅长,六级,6
擅自,六级,6
伤脑筋,六级,6
商标,六级,6
上级,六级,6
上进,六级,6
上任,六级,6
上瘾,六级,6
上游,六级,6
尚且,六级,6
捎,六级,6
梢,六级,6
哨,六级,6
奢侈,六级,6
舌头,六级,6
设立,六级,6
设想,六级,6
设置,六级,6
社区,六级,6
涉及,六级,6
摄氏度,六级,6
申报,六级,6
呻吟,六级,6
绅士,六级,6
深奥,六级,6
深沉,六级,6
深情厚谊,六级,6
神经,六级,6
神奇,六级,6
神气,六级,6
神圣,六级,6
神态,六级,6
神仙,六级,6
审查,六级,6
审理,六级,6
审美,六级,6
审判,六级,6
渗透,六级,6
慎重,六级,6
生存,六级,6
生机,六级,6
生理,六级,6
生疏,六级,6
生态,六级,6
生物,六级,6
生肖,六级,6
生效,六级,6
生锈,六级,6
生育,六级,6
声明,六级,6
声势,六级,6
声誉,六级,6
牲畜,六级,6
省会,六级,6
胜负,六级,6
盛产,六级,6
盛开,六级,6
盛情,六级,6
盛行,六级,6
尸体,六级,6
失事,六级,6
失误,六级,6
失踪,六级,6
师范,六级,6
施加,六级,6
施展,六级,6
十足,六级,6
石油,六级,6
时常,六级,6
时而,六级,6
时光,六级,6
时机,六级,6
时事,六级,6
识别,六级,6
实惠,六级,6
实力,六级,6
实施,六级,6
实事求是,六级,6
实行,六级,6
实质,六级,6
拾,六级,6
使命,六级,6
示范,六级,6
示威,六级,6
示意,六级,6
世代,六级,6
势必,六级,6
势力,六级,6
事故,六级,6
事迹,六级,6
事件,六级,6
事态,六级,6
事务,六级,6
事项,六级,6
事业,六级,6
试图,六级,6
试验,六级,6
视力,六级,6
视频,六级,6
视线,六级,6
视野,六级,6
是非,六级,6
适宜,六级,6
逝世,六级,6
释放,六级,6
收藏,六级,6
收缩,六级,6
收益,六级,6
收音机,六级,6
手法,六级,6
手势,六级,6
手艺,六级,6
守护,六级,6
首饰,六级,6
首要,六级,6
受罪,六级,6
授予,六级,6
书法,六级,6
书籍,六级,6
书记,六级,6
书面,六级,6
舒畅,六级,6
疏忽,六级,6
疏远,六级,6
束,六级,6
束缚,六级,6
树立,六级,6
竖,六级,6
数额,六级,6
耍,六级,6
衰老,六级,6
衰退,六级,6
率领,六级,6
涮火锅,六级,6
双胞胎,六级,6
爽快,六级,6
水利,六级,6
水龙头,六级,6
水泥,六级,6
瞬间,六级,6
司法,六级,6
司令,六级,6
私自,六级,6
思念,六级,6
思索,六级,6
思维,六级,6
斯文,六级,6
死亡,六级,6
四肢,六级,6
寺庙,六级,6
饲养,六级,6
肆无忌惮,六级,6
耸,六级,6
艘,六级,6
苏醒,六级,6
俗话,六级,6
诉讼,六级,6
素食,六级,6
素质,六级,6
塑造,六级,6
算数,六级,6
随即,六级,6
随意,六级,6
岁月,六级,6
隧道,六级,6
损坏,六级,6
索取,六级,6
索性,六级,6
塌,六级,6
踏实,六级,6
塔,六级,6
台风,六级,6
太空,六级,6
泰斗,六级,6
贪婪,六级,6
贪污,六级,6
摊,六级,6
瘫痪,六级,6
弹性,六级,6
坦白,六级,6
叹气,六级,6
探测,六级,6
探索,六级,6
探讨,六级,6
探望,六级,6
倘若,六级,6
掏,六级,6
滔滔不绝,六级,6
陶瓷,六级,6
陶醉,六级,6
淘汰,六级,6
讨好,六级,6
特长,六级,6
特定,六级,6
特意,六级,6
提拔,六级,6
提炼,六级,6
提示,六级,6
提议,六级,6
题材,六级,6
体裁,六级,6
体积,六级,6
体谅,六级,6
体面,六级,6
体系,六级,6
天才,六级,6
天赋,六级,6
天伦之乐,六级,6
天然气,六级,6
天生,六级,6
天堂,六级,6
天文,六级,6
田径,六级,6
田野,六级,6
舔,六级,6
挑剔,六级,6
条款,六级,6
条理,六级,6
条约,六级,6
调和,六级,6
调剂,六级,6
调节,六级,6
调解,六级,6
调料,六级,6
挑拨,六级,6
挑衅,六级,6
跳跃,六级,6
亭子,六级,6
停泊,六级,6
停顿,六级,6
停滞,六级,6
挺拔,六级,6
通货膨胀,六级,6
通缉,六级,6
通俗,六级,6
通讯,六级,6
通用,六级,6
同胞,六级,6
同志,六级,6
铜,六级,6
童话,六级,6
统筹兼顾,六级,6
统计,六级,6
统统,六级,6
统治,六级,6
投机,六级,6
投票,六级,6
投诉,六级,6
投降,六级,6
投掷,六级,6
透露,六级,6
秃,六级,6
突破,六级,6
图案,六级,6
徒弟,六级,6
途径,六级,6
涂抹,六级,6
土壤,六级,6
团结,六级,6
团体,六级,6
团圆,六级,6
推测,六级,6
推翻,六级,6
推理,六级,6
推论,六级,6
推销,六级,6
吞吞吐吐,六级,6
托运,六级,6
拖延,六级,6
脱离,六级,6
妥当,六级,6
妥善,六级,6
妥协,六级,6
椭圆,六级,6
唾弃,六级,6
挖掘,六级,6
哇,六级,6
娃娃,六级,6
瓦解,六级,6
歪曲,六级,6
外表,六级,6
外行,六级,6
外界,六级,6
外向,六级,6
丸,六级,6
完备,六级,6
完毕,六级,6
玩弄,六级,6
玩意儿,六级,6
顽固,六级,6
顽强,六级,6
挽回,六级,6
挽救,六级,6
惋惜,六级,6
万分,六级,6
往常,六级,6
往事,六级,6
妄想,六级,6
危机,六级,6
威风,六级,6
威力,六级,6
威望,六级,6
威信,六级,6
微不足道,六级,6
微观,六级,6
为难,六级,6
为期,六级,6
违背,六级,6
唯独,六级,6
维持,六级,6
维护,六级,6
维生素,六级,6
伪造,六级,6
委托,六级,6
委员,六级,6
卫星,六级,6
未免,六级,6
畏惧,六级,6
喂,六级,6
蔚蓝,六级,6
慰问,六级,6
温带,六级,6
温和,六级,6
文凭,六级,6
文物,六级,6
文献,六级,6
文雅,六级,6
文艺,六级,6
问世,六级,6
窝,六级,6
乌黑,六级,6
污蔑,六级,6
诬陷,六级,6
无比,六级,6
无偿,六级,6
无耻,六级,6
无动于衷,六级,6
无非,六级,6
无辜,六级,6
无精打采,六级,6
无赖,六级,6
无理取闹,六级,6
无能为力,六级,6
无穷无尽,六级,6
无微不至,六级,6
无忧无虑,六级,6
无知,六级,6
武器,六级,6
武侠,六级,6
武装,六级,6
侮辱,六级,6
舞蹈,六级,6
务必,六级,6
物美价廉,六级,6
物业,六级,6
物资,六级,6
误差,六级,6
误解,六级,6
夕阳,六级,6
昔日,六级,6
牺牲,六级,6
溪,六级,6
熄灭,六级,6
膝盖,六级,6
习俗,六级,6
袭击,六级,6
媳妇,六级,6
喜闻乐见,六级,6
喜悦,六级,6
系列,六级,6
细胞,六级,6
细菌,六级,6
细致,六级,6
峡谷,六级,6
狭隘,六级,6
狭窄,六级,6
霞,六级,6
下属,六级,6
先进,六级,6
先前,六级,6
纤维,六级,6
掀起,六级,6
鲜明,六级,6
闲话,六级,6
贤惠,六级,6
弦,六级,6
衔接,六级,6
嫌,六级,6
嫌疑,六级,6
显著,六级,6
现场,六级,6
现成,六级,6
现状,六级,6
线索,六级,6
宪法,六级,6
陷害,六级,6
陷阱,六级,6
陷入,六级,6
馅儿,六级,6
乡镇,六级,6
相差,六级,6
相等,六级,6
相辅相成,六级,6
相应,六级,6
镶嵌,六级,6
响亮,六级,6
响应,六级,6
想方设法,六级,6
向导,六级,6
向来,六级,6
向往,六级,6
巷,六级,6
相声,六级,6
削,六级,6
消除,六级,6
消毒,六级,6
消防,六级,6
消耗,六级,6
消灭,六级,6
销毁,六级,6
潇洒,六级,6
小心翼翼,六级,6
肖像,六级,6
效益,六级,6
协会,六级,6
协商,六级,6
协调,六级,6
协议,六级,6
协助,六级,6
携带,六级,6
泄露,六级,6
泄气,六级,6
屑,六级,6
谢绝,六级,6
心得,六级,6
心甘情愿,六级,6
心灵,六级,6
心态,六级,6
心疼,六级,6
心血,六级,6
心眼儿,六级,6
辛勤,六级,6
欣慰,六级,6
欣欣向荣,六级,6
新陈代谢,六级,6
新郎,六级,6
新娘,六级,6
新颖,六级,6
薪水,六级,6
信赖,六级,6
信念,六级,6
信仰,六级,6
信誉,六级,6
兴隆,六级,6
兴旺,六级,6
腥,六级,6
刑事,六级,6
行政,六级,6
形态,六级,6
兴高采烈,六级,6
兴致勃勃,六级,6
性感,六级,6
性命,六级,6
性能,六级,6
凶恶,六级,6
凶手,六级,6
汹涌,六级,6
胸怀,六级,6
胸膛,六级,6
雄厚,六级,6
雄伟,六级,6
修复,六级,6
修建,六级,6
修养,六级,6
羞耻,六级,6
绣,六级,6
嗅觉,六级,6
须知,六级,6
虚假,六级,6
虚荣,六级,6
虚伪,六级,6
需求,六级,6
许可,六级,6
序言,六级,6
畜牧,六级,6
酗酒,六级,6
宣誓,六级,6
宣扬,六级,6
喧哗,六级,6
悬挂,六级,6
悬念,六级,6
悬殊,六级,6
悬崖峭壁,六级,6
旋律,六级,6
旋转,六级,6
选拔,六级,6
选举,六级,6
选手,六级,6
炫耀,六级,6
削弱,六级,6
学说,六级,6
学位,六级,6
雪上加霜,六级,6
血压,六级,6
熏陶,六级,6
寻觅,六级,6
巡逻,六级,6
循环,六级,6
循序渐进,六级,6
压迫,六级,6
压岁钱,六级,6
压缩,六级,6
压抑,六级,6
压榨,六级,6
压制,六级,6
鸦雀无声,六级,6
亚军,六级,6
烟花爆竹,六级,6
淹没,六级,6
延期,六级,6
延伸,六级,6
延续,六级,6
严寒,六级,6
严禁,六级,6
严峻,六级,6
严厉,六级,6
严密,六级,6
言论,六级,6
岩石,六级,6
炎热,六级,6
沿海,六级,6
掩盖,六级,6
掩护,六级,6
掩饰,六级,6
眼光,六级,6
眼色,六级,6
眼神,六级,6
演变,六级,6
演习,六级,6
演绎,六级,6
演奏,六级,6
厌恶,六级,6
验收,六级,6
验证,六级,6
氧气,六级,6
样品,六级,6
谣言,六级,6
摇摆,六级,6
摇滚,六级,6
遥控,六级,6
遥远,六级,6
要点,六级,6
要命,六级,6
要素,六级,6
耀眼,六级,6
野蛮,六级,6
野心,六级,6
液体,六级,6
一度,六级,6
一帆风顺,六级,6
一贯,六级,6
一举两得,六级,6
一流,六级,6
一目了然,六级,6
一如既往,六级,6
一丝不苟,六级,6
一向,六级,6
衣裳,六级,6
依旧,六级,6
依据,六级,6
依靠,六级,6
依赖,六级,6
依托,六级,6
仪器,六级,6
仪式,六级,6
遗产,六级,6
遗传,六级,6
遗留,六级,6
遗失,六级,6
疑惑,六级,6
以便,六级,6
以免,六级,6
以往,六级,6
以至,六级,6
以致,六级,6
亦,六级,6
异常,六级,6
意料,六级,6
意识,六级,6
意图,六级,6
意味着,六级,6
意向,六级,6
意志,六级,6
毅力,六级,6
毅然,六级,6
翼,六级,6
阴谋,六级,6
音响,六级,6
引导,六级,6
引擎,六级,6
引用,六级,6
饮食,六级,6
隐蔽,六级,6
隐患,六级,6
隐瞒,六级,6
隐私,六级,6
隐约,六级,6
英明,六级,6
英勇,六级,6
婴儿,六级,6
迎面,六级,6
盈利,六级,6
应酬,六级,6
应邀,六级,6
拥护,六级,6
拥有,六级,6
庸俗,六级,6
永恒,六级,6
勇于,六级,6
涌现,六级,6
踊跃,六级,6
用户,六级,6
优胜劣汰,六级,6
优先,六级,6
优异,六级,6
优越,六级,6
忧郁,六级,6
犹如,六级,6
油腻,六级,6
油漆,六级,6
有条不紊,六级,6
幼稚,六级,6
诱惑,六级,6
渔民,六级,6
愚蠢,六级,6
愚昧,六级,6
舆论,六级,6
与日俱增,六级,6
宇宙,六级,6
羽绒服,六级,6
玉,六级,6
预料,六级,6
预期,六级,6
预算,六级,6
预先,六级,6
预言,六级,6
预兆,六级,6
欲望,六级,6
寓言,六级,6
愈,六级,6
冤枉,六级,6
元首,六级,6
元素,六级,6
元宵节,六级,6
园林,六级,6
原告,六级,6
原理,六级,6
原始,六级,6
原先,六级,6
圆满,六级,6
缘故,六级,6
源泉,六级,6
约束,六级,6
乐谱,六级,6
岳母,六级,6
孕育,六级,6
运算,六级,6
运行,六级,6
酝酿,六级,6
蕴藏,六级,6
熨,六级,6
杂技,六级,6
杂交,六级,6
砸,六级,6
咋,六级,6
灾难,六级,6
栽培,六级,6
宰,六级,6
再接再厉,六级,6
在意,六级,6
攒,六级,6
暂且,六级,6
赞叹,六级,6
赞助,六级,6
遭受,六级,6
遭殃,六级,6
遭遇,六级,6
糟蹋,六级,6
造型,六级,6
噪音,六级,6
责怪,六级,6
贼,六级,6
增添,六级,6
赠送,六级,6
扎,六级,6
扎实,六级,6
渣,六级,6
眨,六级,6
诈骗,六级,6
摘要,六级,6
债券,六级,6
沾光,六级,6
瞻仰,六级,6
斩钉截铁,六级,6
展示,六级,6
展望,六级,6
展现,六级,6
崭新,六级,6
占据,六级,6
占领,六级,6
战斗,六级,6
战略,六级,6
战术,六级,6
战役,六级,6
章程,六级,6
帐篷,六级,6
障碍,六级,6
招标,六级,6
招收,六级,6
朝气蓬勃,六级,6
着迷,六级,6
沼泽,六级,6
照样,六级,6
照耀,六级,6
折腾,六级,6
遮挡,六级,6
折,六级,6
折磨,六级,6
侦探,六级,6
珍贵,六级,6
珍稀,六级,6
珍珠,六级,6
真理,六级,6
真相,六级,6
真挚,六级,6
斟酌,六级,6
枕头,六级,6
阵地,六级,6
阵容,六级,6
振奋,六级,6
振兴,六级,6
震撼,六级,6
震惊,六级,6
镇定,六级,6
镇静,六级,6
正月,六级,6
争端,六级,6
争夺,六级,6
争气,六级,6
争先恐后,六级,6
争议,六级,6
征服,六级,6
征收,六级,6
挣扎,六级,6
蒸发,六级,6
整顿,六级,6
正当,六级,6
正负,六级,6
正规,六级,6
正经,六级,6
正气,六级,6
正义,六级,6
正宗,六级,6
证实,六级,6
证书,六级,6
郑重,六级,6
政策,六级,6
政权,六级,6
症状,六级,6
之际,六级,6
支撑,六级,6
支出,六级,6
支流,六级,6
支配,六级,6
支援,六级,6
支柱,六级,6
枝,六级,6
知觉,六级,6
知足常乐,六级,6
脂肪,六级,6
执行,六级,6
执着,六级,6
直播,六级,6
直径,六级,6
侄子,六级,6
值班,六级,6
职能,六级,6
职位,六级,6
职务,六级,6
殖民地,六级,6
指标,六级,6
指定,六级,6
指甲,六级,6
指令,六级,6
指南针,六级,6
指示,六级,6
指望,六级,6
指责,六级,6
志气,六级,6
制裁,六级,6
制服,六级,6
制约,六级,6
制止,六级,6
治安,六级,6
治理,六级,6
致辞,六级,6
致力,六级,6
致使,六级,6
智力,六级,6
智能,六级,6
智商,六级,6
滞留,六级,6
中断,六级,6
中立,六级,6
中央,六级,6
忠诚,六级,6
忠实,六级,6
终点,六级,6
终究,六级,6
终身,六级,6
终止,六级,6
衷心,六级,6
肿瘤,六级,6
种子,六级,6
种族,六级,6
众所周知,六级,6
种植,六级,6
重心,六级,6
舟,六级,6
州,六级,6
周边,六级,6
周密,六级,6
周年,六级,6
周期,六级,6
周折,六级,6
周转,六级,6
粥,六级,6
昼夜,六级,6
皱纹,六级,6
株,六级,6
诸位,六级,6
逐年,六级,6
主办,六级,6
主导,六级,6
主管,六级,6
主流,六级,6
主权,六级,6
主义,六级,6
拄,六级,6
嘱咐,六级,6
助理,六级,6
助手,六级,6
住宅,六级,6
注射,六级,6
注视,六级,6
注释,六级,6
注重,六级,6
驻扎,六级,6
著作,六级,6
铸造,六级,6
拽,六级,6
专长,六级,6
专程,六级,6
专利,六级,6
专题,六级,6
砖,六级,6
转达,六级,6
转让,六级,6
转移,六级,6
转折,六级,6
传记,六级,6
庄稼,六级,6
庄严,六级,6
庄重,六级,6
装备,六级,6
装卸,六级,6
壮观,六级,6
壮丽,六级,6
壮烈,六级,6
幢,六级,6
追悼,六级,6
追究,六级,6
坠,六级,6
准则,六级,6
卓越,六级,6
着手,六级,6
着想,六级,6
着重,六级,6
琢磨,六级,6
姿态,六级,6
资本,六级,6
资产,六级,6
资深,六级,6
资助,六级,6
滋润,六级,6
滋味,六级,6
子弹,六级,6
自卑,六级,6
自发,六级,6
自力更生,六级,6
自满,六级,6
自主,六级,6
宗教,六级,6
宗旨,六级,6
棕色,六级,6
踪迹,六级,6
总而言之,六级,6
总和,六级,6
纵横,六级,6
走廊,六级,6
走漏,六级,6
走私,六级,6
揍,六级,6
租赁,六级,6
足以,六级,6
阻碍,六级,6
阻拦,六级,6
阻挠,六级,6
祖父,六级,6
祖国,六级,6
祖先,六级,6
钻研,六级,6
钻石,六级,6
嘴唇,六级,6
罪犯,六级,6
尊严,六级,6
遵循,六级,6
作弊,六级,6
作废,六级,6
作风,六级,6
作息,六级,6
座右铭,六级,6
做主,六级,6